CONNECT c##rippedfit / rippedfit;

DELETE FROM CENTRO;
DELETE FROM USUARIO;
DELETE FROM EMPLEADO;
DELETE FROM LIMPIADOR;
DELETE FROM NUTRICIONISTA;
DELETE FROM MONITOR;
DELETE FROM SERVICIO;
DELETE FROM DIETA;
DELETE FROM RUTINA;
DELETE FROM MAQUINA;


--INSERCION CENTRO

INSERT INTO CENTRO (ID_CENTRO,NOMBRE,UBICACION,FECHA_APERTURA,TLF_CONTACTO)
VALUES (1,'La Rioja','Logrońo','24/08/2003',626042243);
INSERT INTO CENTRO (ID_CENTRO,NOMBRE,UBICACION,FECHA_APERTURA,TLF_CONTACTO)
VALUES (2,'Galicia','Ourense','19/01/2009',630288115);
INSERT INTO CENTRO (ID_CENTRO,NOMBRE,UBICACION,FECHA_APERTURA,TLF_CONTACTO)
VALUES (3,'Navarra','Pamplona','19/06/2005',631684276);
INSERT INTO CENTRO (ID_CENTRO,NOMBRE,UBICACION,FECHA_APERTURA,TLF_CONTACTO)
VALUES (4,'Aragón','Teruel','15/01/2006',673206956);
INSERT INTO CENTRO (ID_CENTRO,NOMBRE,UBICACION,FECHA_APERTURA,TLF_CONTACTO)
VALUES (5,'Principado de Asturias','Gijón','05/04/2011',602409880);
INSERT INTO CENTRO (ID_CENTRO,NOMBRE,UBICACION,FECHA_APERTURA,TLF_CONTACTO)
VALUES (6,'Principado de Asturias','Oviedo','02/09/2004',704569309);
INSERT INTO CENTRO (ID_CENTRO,NOMBRE,UBICACION,FECHA_APERTURA,TLF_CONTACTO)
VALUES (7,'Comunitat Valenciana','Elx','06/10/2011',600809361);
INSERT INTO CENTRO (ID_CENTRO,NOMBRE,UBICACION,FECHA_APERTURA,TLF_CONTACTO)
VALUES (8,'La Rioja','Logrońo','31/07/2002',650099339);
INSERT INTO CENTRO (ID_CENTRO,NOMBRE,UBICACION,FECHA_APERTURA,TLF_CONTACTO)
VALUES (9,'Ceuta','Ceuta','02/11/2001',698299971);
INSERT INTO CENTRO (ID_CENTRO,NOMBRE,UBICACION,FECHA_APERTURA,TLF_CONTACTO)
VALUES (10,'Melilla','Melilla','18/10/2008',706722916);
INSERT INTO CENTRO (ID_CENTRO,NOMBRE,UBICACION,FECHA_APERTURA,TLF_CONTACTO)
VALUES (11,'Illes Balears','Palma de Mallorca','19/02/2010',629272043);
INSERT INTO CENTRO (ID_CENTRO,NOMBRE,UBICACION,FECHA_APERTURA,TLF_CONTACTO)
VALUES (12,'Catalunya','Lleida','10/05/2015',657133043);
INSERT INTO CENTRO (ID_CENTRO,NOMBRE,UBICACION,FECHA_APERTURA,TLF_CONTACTO)
VALUES (13,'Madrid','Fuenlabrada','14/07/2014',612707975);
INSERT INTO CENTRO (ID_CENTRO,NOMBRE,UBICACION,FECHA_APERTURA,TLF_CONTACTO)
VALUES (14,'Catalunya','Lleida','30/03/2013',622565392);
INSERT INTO CENTRO (ID_CENTRO,NOMBRE,UBICACION,FECHA_APERTURA,TLF_CONTACTO)
VALUES (15,'La Rioja','Logrońo','09/09/2013',643390635);
INSERT INTO CENTRO (ID_CENTRO,NOMBRE,UBICACION,FECHA_APERTURA,TLF_CONTACTO)
VALUES (16,'Madrid','Parla','14/06/2003',614227755);
INSERT INTO CENTRO (ID_CENTRO,NOMBRE,UBICACION,FECHA_APERTURA,TLF_CONTACTO)
VALUES (17,'Euskadi','Gasteiz','16/03/2003',676218055);
INSERT INTO CENTRO (ID_CENTRO,NOMBRE,UBICACION,FECHA_APERTURA,TLF_CONTACTO)
VALUES (18,'Cantabria','Santander','14/12/2003',661635184);
INSERT INTO CENTRO (ID_CENTRO,NOMBRE,UBICACION,FECHA_APERTURA,TLF_CONTACTO)
VALUES (19,'Ceuta','Ceuta','09/06/2012',606563407);
INSERT INTO CENTRO (ID_CENTRO,NOMBRE,UBICACION,FECHA_APERTURA,TLF_CONTACTO)
VALUES (20,'Principado de Asturias','Gijón','30/09/2014',609031068);
INSERT INTO CENTRO (ID_CENTRO,NOMBRE,UBICACION,FECHA_APERTURA,TLF_CONTACTO)
VALUES (21,'Navarra','Pamplona','20/06/2012',725228516);
INSERT INTO CENTRO (ID_CENTRO,NOMBRE,UBICACION,FECHA_APERTURA,TLF_CONTACTO)
VALUES (22,'Canarias','Santa Cruz de Tenerife','10/07/2013',671692041);
INSERT INTO CENTRO (ID_CENTRO,NOMBRE,UBICACION,FECHA_APERTURA,TLF_CONTACTO)
VALUES (23,'Catalunya','Barcelona','29/08/2007',617668143);
INSERT INTO CENTRO (ID_CENTRO,NOMBRE,UBICACION,FECHA_APERTURA,TLF_CONTACTO)
VALUES (24,'Illes Balears','Palma de Mallorca','13/05/2005',608390862);
INSERT INTO CENTRO (ID_CENTRO,NOMBRE,UBICACION,FECHA_APERTURA,TLF_CONTACTO)
VALUES (25,'Extremadura','Cáceres','08/09/2009',656454351);

--INSERCION USUARIO

INSERT INTO USUARIO (ID_USUARIO,DNI,NOMBRE,APELLIDO1,APELLIDO2,FECHA_NAC,TLF_CONTACTO,ID_CENTRO)
VALUES (1,'63854283C','Alan','Torres','English','27-08-80',776491747,23);
INSERT INTO USUARIO (ID_USUARIO,DNI,NOMBRE,APELLIDO1,APELLIDO2,FECHA_NAC,TLF_CONTACTO,ID_CENTRO)
VALUES (2,'67364289A','Nathan','Bolton','Nelson','09-05-79',162646969,5);
INSERT INTO USUARIO (ID_USUARIO,DNI,NOMBRE,APELLIDO1,APELLIDO2,FECHA_NAC,TLF_CONTACTO,ID_CENTRO)
VALUES (3,'55458347O','Slade','Howell','Knowles','23-11-75',244170152,3);
INSERT INTO USUARIO (ID_USUARIO,DNI,NOMBRE,APELLIDO1,APELLIDO2,FECHA_NAC,TLF_CONTACTO,ID_CENTRO)
VALUES (4,'53352472T','Armand','Albert','Terry','13-05-96',359777292,13);
INSERT INTO USUARIO (ID_USUARIO,DNI,NOMBRE,APELLIDO1,APELLIDO2,FECHA_NAC,TLF_CONTACTO,ID_CENTRO)
VALUES (5,'47279211O','Fritz','Maldonado','Park','14-11-99',562307350,1);
INSERT INTO USUARIO (ID_USUARIO,DNI,NOMBRE,APELLIDO1,APELLIDO2,FECHA_NAC,TLF_CONTACTO,ID_CENTRO)
VALUES (6,'73372642I','Jesse','Farmer','Burris','15-12-90',884951861,10);
INSERT INTO USUARIO (ID_USUARIO,DNI,NOMBRE,APELLIDO1,APELLIDO2,FECHA_NAC,TLF_CONTACTO,ID_CENTRO)
VALUES (7,'71757168J','Samson','Barker','Pace','14-03-72',562163923,13);
INSERT INTO USUARIO (ID_USUARIO,DNI,NOMBRE,APELLIDO1,APELLIDO2,FECHA_NAC,TLF_CONTACTO,ID_CENTRO)
VALUES (8,'24765641L','Macaulay','Moon','Sellers','11-02-93',271330912,19);
INSERT INTO USUARIO (ID_USUARIO,DNI,NOMBRE,APELLIDO1,APELLIDO2,FECHA_NAC,TLF_CONTACTO,ID_CENTRO)
VALUES (9,'99633562K','Malachi','William','Soto','02-12-00',604232013,14);
INSERT INTO USUARIO (ID_USUARIO,DNI,NOMBRE,APELLIDO1,APELLIDO2,FECHA_NAC,TLF_CONTACTO,ID_CENTRO)
VALUES (10,'64685767K','Chastity','Cameron','Gilbert','01-05-79',743814843,8);
INSERT INTO USUARIO (ID_USUARIO,DNI,NOMBRE,APELLIDO1,APELLIDO2,FECHA_NAC,TLF_CONTACTO,ID_CENTRO)
VALUES (11,'36564288Y','Blythe','Alvarez','Nieves','06-11-03',856886581,6);
INSERT INTO USUARIO (ID_USUARIO,DNI,NOMBRE,APELLIDO1,APELLIDO2,FECHA_NAC,TLF_CONTACTO,ID_CENTRO)
VALUES (12,'52363237U','Maia','Cardenas','Calderon','12-09-86',180126350,7);
INSERT INTO USUARIO (ID_USUARIO,DNI,NOMBRE,APELLIDO1,APELLIDO2,FECHA_NAC,TLF_CONTACTO,ID_CENTRO)
VALUES (13,'65568896O','Hamish','Wilkins','Byers','26-09-73',921719757,16);
INSERT INTO USUARIO (ID_USUARIO,DNI,NOMBRE,APELLIDO1,APELLIDO2,FECHA_NAC,TLF_CONTACTO,ID_CENTRO)
VALUES (14,'75797879R','Jarrod','Gay','Ewing','01-04-07',985376244,13);
INSERT INTO USUARIO (ID_USUARIO,DNI,NOMBRE,APELLIDO1,APELLIDO2,FECHA_NAC,TLF_CONTACTO,ID_CENTRO)
VALUES (15,'32716662U','Roth','Leonard','Sargent','07-01-84',623798076,19);
INSERT INTO USUARIO (ID_USUARIO,DNI,NOMBRE,APELLIDO1,APELLIDO2,FECHA_NAC,TLF_CONTACTO,ID_CENTRO)
VALUES (16,'67547348Y','Kelly','Lamb','Richardson','10-04-86',159054476,10);
INSERT INTO USUARIO (ID_USUARIO,DNI,NOMBRE,APELLIDO1,APELLIDO2,FECHA_NAC,TLF_CONTACTO,ID_CENTRO)
VALUES (17,'58244771S','Kyla','Miles','Horn','03-08-07',990788953,4);
INSERT INTO USUARIO (ID_USUARIO,DNI,NOMBRE,APELLIDO1,APELLIDO2,FECHA_NAC,TLF_CONTACTO,ID_CENTRO)
VALUES (18,'55417437S','Arden','Bates','Brady','13-06-04',687892730,16);
INSERT INTO USUARIO (ID_USUARIO,DNI,NOMBRE,APELLIDO1,APELLIDO2,FECHA_NAC,TLF_CONTACTO,ID_CENTRO)
VALUES (19,'71869746H','Illana','Sweet','Michael','02-07-07',757590826,20);
INSERT INTO USUARIO (ID_USUARIO,DNI,NOMBRE,APELLIDO1,APELLIDO2,FECHA_NAC,TLF_CONTACTO,ID_CENTRO)
VALUES (20,'58424668V','Alice','Lloyd','Whitehead','01-06-76',679034515,14);
INSERT INTO USUARIO (ID_USUARIO,DNI,NOMBRE,APELLIDO1,APELLIDO2,FECHA_NAC,TLF_CONTACTO,ID_CENTRO)
VALUES (21,'74392727A','Vanna','Wilkinson','George','18-05-03',524550187,11);
INSERT INTO USUARIO (ID_USUARIO,DNI,NOMBRE,APELLIDO1,APELLIDO2,FECHA_NAC,TLF_CONTACTO,ID_CENTRO)
VALUES (22,'76322853S','Bianca','Huffman','Wise','12-09-88',512001523,24);
INSERT INTO USUARIO (ID_USUARIO,DNI,NOMBRE,APELLIDO1,APELLIDO2,FECHA_NAC,TLF_CONTACTO,ID_CENTRO)
VALUES (23,'21556525T','Hashim','Benjamin','Bell','22-08-07',565404901,15);
INSERT INTO USUARIO (ID_USUARIO,DNI,NOMBRE,APELLIDO1,APELLIDO2,FECHA_NAC,TLF_CONTACTO,ID_CENTRO)
VALUES (24,'74112564W','Lila','Woodward','Harding','30-01-90',737003331,25);
INSERT INTO USUARIO (ID_USUARIO,DNI,NOMBRE,APELLIDO1,APELLIDO2,FECHA_NAC,TLF_CONTACTO,ID_CENTRO)
VALUES (25,'81874364C','Nero','Carlson','King','26-08-98',290712054,20);
INSERT INTO USUARIO (ID_USUARIO,DNI,NOMBRE,APELLIDO1,APELLIDO2,FECHA_NAC,TLF_CONTACTO,ID_CENTRO)
VALUES (26,'74486585B','Noelani','Holder','Strong','17-09-83',190983416,20);
INSERT INTO USUARIO (ID_USUARIO,DNI,NOMBRE,APELLIDO1,APELLIDO2,FECHA_NAC,TLF_CONTACTO,ID_CENTRO)
VALUES (27,'51678376U','Cleo','Skinner','Holcomb','15-10-81',996830896,21);
INSERT INTO USUARIO (ID_USUARIO,DNI,NOMBRE,APELLIDO1,APELLIDO2,FECHA_NAC,TLF_CONTACTO,ID_CENTRO)
VALUES (28,'36172343I','Addison','Wall','Adkins','20-11-84',531031913,18);
INSERT INTO USUARIO (ID_USUARIO,DNI,NOMBRE,APELLIDO1,APELLIDO2,FECHA_NAC,TLF_CONTACTO,ID_CENTRO)
VALUES (29,'57783879E','Rajah','Walker','Valentine','15-03-71',922455595,17);
INSERT INTO USUARIO (ID_USUARIO,DNI,NOMBRE,APELLIDO1,APELLIDO2,FECHA_NAC,TLF_CONTACTO,ID_CENTRO)
VALUES (30,'71719879F','Ryan','Whitley','Diaz','31-01-99',180715185,12);
INSERT INTO USUARIO (ID_USUARIO,DNI,NOMBRE,APELLIDO1,APELLIDO2,FECHA_NAC,TLF_CONTACTO,ID_CENTRO)
VALUES (31,'15457313N','Merrill','Burris','Rivers','24-06-00',848294095,25);
INSERT INTO USUARIO (ID_USUARIO,DNI,NOMBRE,APELLIDO1,APELLIDO2,FECHA_NAC,TLF_CONTACTO,ID_CENTRO)
VALUES (32,'26386649J','Chiquita','Morales','Mcclain','18-05-79',466171929,15);
INSERT INTO USUARIO (ID_USUARIO,DNI,NOMBRE,APELLIDO1,APELLIDO2,FECHA_NAC,TLF_CONTACTO,ID_CENTRO)
VALUES (33,'64985677L','Rhonda','Harvey','Ballard','21-03-05',548863990,22);
INSERT INTO USUARIO (ID_USUARIO,DNI,NOMBRE,APELLIDO1,APELLIDO2,FECHA_NAC,TLF_CONTACTO,ID_CENTRO)
VALUES (34,'37373367X','Cathleen','Holt','Cabrera','30-06-02',877705164,9);
INSERT INTO USUARIO (ID_USUARIO,DNI,NOMBRE,APELLIDO1,APELLIDO2,FECHA_NAC,TLF_CONTACTO,ID_CENTRO)
VALUES (35,'31166866H','Uriah','West','Richmond','03-10-71',541698671,20);
INSERT INTO USUARIO (ID_USUARIO,DNI,NOMBRE,APELLIDO1,APELLIDO2,FECHA_NAC,TLF_CONTACTO,ID_CENTRO)
VALUES (36,'79927675Y','Evelyn','Mejia','Jarvis','08-09-99',219987284,21);
INSERT INTO USUARIO (ID_USUARIO,DNI,NOMBRE,APELLIDO1,APELLIDO2,FECHA_NAC,TLF_CONTACTO,ID_CENTRO)
VALUES (37,'67282568L','Quamar','Patterson','Moore','16-10-91',216667229,19);
INSERT INTO USUARIO (ID_USUARIO,DNI,NOMBRE,APELLIDO1,APELLIDO2,FECHA_NAC,TLF_CONTACTO,ID_CENTRO)
VALUES (38,'58665532M','Noah','Edwards','Lewis','04-01-86',849607177,10);
INSERT INTO USUARIO (ID_USUARIO,DNI,NOMBRE,APELLIDO1,APELLIDO2,FECHA_NAC,TLF_CONTACTO,ID_CENTRO)
VALUES (39,'62278297E','Kane','Travis','Figueroa','18-07-70',231412057,21);
INSERT INTO USUARIO (ID_USUARIO,DNI,NOMBRE,APELLIDO1,APELLIDO2,FECHA_NAC,TLF_CONTACTO,ID_CENTRO)
VALUES (40,'26894293C','Erin','Welch','Church','04-02-73',820017513,2);
INSERT INTO USUARIO (ID_USUARIO,DNI,NOMBRE,APELLIDO1,APELLIDO2,FECHA_NAC,TLF_CONTACTO,ID_CENTRO)
VALUES (41,'38385857F','Brock','Peck','Riggs','10-09-04',186791877,17);
INSERT INTO USUARIO (ID_USUARIO,DNI,NOMBRE,APELLIDO1,APELLIDO2,FECHA_NAC,TLF_CONTACTO,ID_CENTRO)
VALUES (42,'73732647B','Janna','Lowery','Mccray','24-08-78',254773615,18);
INSERT INTO USUARIO (ID_USUARIO,DNI,NOMBRE,APELLIDO1,APELLIDO2,FECHA_NAC,TLF_CONTACTO,ID_CENTRO)
VALUES (43,'35876882U','Julian','Mayo','Peck','30-01-76',658895645,19);
INSERT INTO USUARIO (ID_USUARIO,DNI,NOMBRE,APELLIDO1,APELLIDO2,FECHA_NAC,TLF_CONTACTO,ID_CENTRO)
VALUES (44,'41321427H','Hedwig','Mendoza','Duke','22-10-96',787373714,24);
INSERT INTO USUARIO (ID_USUARIO,DNI,NOMBRE,APELLIDO1,APELLIDO2,FECHA_NAC,TLF_CONTACTO,ID_CENTRO)
VALUES (45,'16224746K','Neil','Benson','Mckenzie','08-01-71',630750414,15);
INSERT INTO USUARIO (ID_USUARIO,DNI,NOMBRE,APELLIDO1,APELLIDO2,FECHA_NAC,TLF_CONTACTO,ID_CENTRO)
VALUES (46,'42869121T','Buffy','Saunders','Benson','26-07-98',359120404,6);
INSERT INTO USUARIO (ID_USUARIO,DNI,NOMBRE,APELLIDO1,APELLIDO2,FECHA_NAC,TLF_CONTACTO,ID_CENTRO)
VALUES (47,'53274498T','Ivory','Mccray','Dickerson','26-01-72',712196906,14);
INSERT INTO USUARIO (ID_USUARIO,DNI,NOMBRE,APELLIDO1,APELLIDO2,FECHA_NAC,TLF_CONTACTO,ID_CENTRO)
VALUES (48,'22248271S','Charissa','Chang','Griffith','29-01-73',857382663,10);
INSERT INTO USUARIO (ID_USUARIO,DNI,NOMBRE,APELLIDO1,APELLIDO2,FECHA_NAC,TLF_CONTACTO,ID_CENTRO)
VALUES (49,'65851212E','Merritt','Wallace','Lester','10-10-74',174841942,20);
INSERT INTO USUARIO (ID_USUARIO,DNI,NOMBRE,APELLIDO1,APELLIDO2,FECHA_NAC,TLF_CONTACTO,ID_CENTRO)
VALUES (50,'61298164W','Kimberley','Rivas','Stevens','04-07-02',965900783,7);
INSERT INTO USUARIO (ID_USUARIO,DNI,NOMBRE,APELLIDO1,APELLIDO2,FECHA_NAC,TLF_CONTACTO,ID_CENTRO)
VALUES (51,'38663828L','Lacey','Snow','Bradley','06-04-95',307022435,9);
INSERT INTO USUARIO (ID_USUARIO,DNI,NOMBRE,APELLIDO1,APELLIDO2,FECHA_NAC,TLF_CONTACTO,ID_CENTRO)
VALUES (52,'54443851X','Xandra','Chan','Levine','12-11-88',369298741,21);
INSERT INTO USUARIO (ID_USUARIO,DNI,NOMBRE,APELLIDO1,APELLIDO2,FECHA_NAC,TLF_CONTACTO,ID_CENTRO)
VALUES (53,'46439933V','Aristotle','Slater','Oneil','24-08-04',837130077,23);
INSERT INTO USUARIO (ID_USUARIO,DNI,NOMBRE,APELLIDO1,APELLIDO2,FECHA_NAC,TLF_CONTACTO,ID_CENTRO)
VALUES (54,'53346268A','Gray','Hampton','Washington','10-01-88',932430470,7);
INSERT INTO USUARIO (ID_USUARIO,DNI,NOMBRE,APELLIDO1,APELLIDO2,FECHA_NAC,TLF_CONTACTO,ID_CENTRO)
VALUES (55,'54843546P','Zachery','Mccall','Dickson','27-01-87',172026403,12);
INSERT INTO USUARIO (ID_USUARIO,DNI,NOMBRE,APELLIDO1,APELLIDO2,FECHA_NAC,TLF_CONTACTO,ID_CENTRO)
VALUES (56,'29615321O','Maxwell','Petty','Norris','04-01-00',140445382,14);
INSERT INTO USUARIO (ID_USUARIO,DNI,NOMBRE,APELLIDO1,APELLIDO2,FECHA_NAC,TLF_CONTACTO,ID_CENTRO)
VALUES (57,'73482833R','Neil','Guzman','Jennings','07-11-72',306054619,9);
INSERT INTO USUARIO (ID_USUARIO,DNI,NOMBRE,APELLIDO1,APELLIDO2,FECHA_NAC,TLF_CONTACTO,ID_CENTRO)
VALUES (58,'63398424L','Jada','Torres','Gardner','05-02-72',332971188,21);
INSERT INTO USUARIO (ID_USUARIO,DNI,NOMBRE,APELLIDO1,APELLIDO2,FECHA_NAC,TLF_CONTACTO,ID_CENTRO)
VALUES (59,'16436632R','Steel','Bean','Perkins','09-01-97',252608525,9);
INSERT INTO USUARIO (ID_USUARIO,DNI,NOMBRE,APELLIDO1,APELLIDO2,FECHA_NAC,TLF_CONTACTO,ID_CENTRO)
VALUES (60,'38762421X','Davis','Bentley','Mcmahon','19-02-06',326806818,8);
INSERT INTO USUARIO (ID_USUARIO,DNI,NOMBRE,APELLIDO1,APELLIDO2,FECHA_NAC,TLF_CONTACTO,ID_CENTRO)
VALUES (61,'44382222K','Donna','Wiggins','Guthrie','01-01-79',338200467,6);
INSERT INTO USUARIO (ID_USUARIO,DNI,NOMBRE,APELLIDO1,APELLIDO2,FECHA_NAC,TLF_CONTACTO,ID_CENTRO)
VALUES (62,'57963523C','Lenore','Chen','Pennington','21-04-84',744546490,15);
INSERT INTO USUARIO (ID_USUARIO,DNI,NOMBRE,APELLIDO1,APELLIDO2,FECHA_NAC,TLF_CONTACTO,ID_CENTRO)
VALUES (63,'22584273Z','Ariana','Farrell','Sellers','02-04-89',141538263,20);
INSERT INTO USUARIO (ID_USUARIO,DNI,NOMBRE,APELLIDO1,APELLIDO2,FECHA_NAC,TLF_CONTACTO,ID_CENTRO)
VALUES (64,'55438362H','Daphne','Kelley','Mcintyre','31-03-75',652317585,8);
INSERT INTO USUARIO (ID_USUARIO,DNI,NOMBRE,APELLIDO1,APELLIDO2,FECHA_NAC,TLF_CONTACTO,ID_CENTRO)
VALUES (65,'83624299A','Kalia','Eaton','Wilcox','23-05-98',883603621,13);
INSERT INTO USUARIO (ID_USUARIO,DNI,NOMBRE,APELLIDO1,APELLIDO2,FECHA_NAC,TLF_CONTACTO,ID_CENTRO)
VALUES (66,'88335266L','Christian','Castaneda','Lopez','22-06-07',951172712,7);
INSERT INTO USUARIO (ID_USUARIO,DNI,NOMBRE,APELLIDO1,APELLIDO2,FECHA_NAC,TLF_CONTACTO,ID_CENTRO)
VALUES (67,'39158255P','Lacota','Waller','Wheeler','20-06-06',708395609,4);
INSERT INTO USUARIO (ID_USUARIO,DNI,NOMBRE,APELLIDO1,APELLIDO2,FECHA_NAC,TLF_CONTACTO,ID_CENTRO)
VALUES (68,'49653274O','Ramona','Mccullough','Miles','06-04-72',136391634,5);
INSERT INTO USUARIO (ID_USUARIO,DNI,NOMBRE,APELLIDO1,APELLIDO2,FECHA_NAC,TLF_CONTACTO,ID_CENTRO)
VALUES (69,'42287646J','Cairo','Kinney','Faulkner','30-11-04',985161338,13);
INSERT INTO USUARIO (ID_USUARIO,DNI,NOMBRE,APELLIDO1,APELLIDO2,FECHA_NAC,TLF_CONTACTO,ID_CENTRO)
VALUES (70,'73352279P','Carter','Lawrence','Morin','10-02-85',883245550,12);
INSERT INTO USUARIO (ID_USUARIO,DNI,NOMBRE,APELLIDO1,APELLIDO2,FECHA_NAC,TLF_CONTACTO,ID_CENTRO)
VALUES (71,'52485855N','Marah','Castro','Estrada','10-02-91',182079187,15);
INSERT INTO USUARIO (ID_USUARIO,DNI,NOMBRE,APELLIDO1,APELLIDO2,FECHA_NAC,TLF_CONTACTO,ID_CENTRO)
VALUES (72,'61688856R','Ferdinand','Donovan','Cash','27-11-97',592691225,14);
INSERT INTO USUARIO (ID_USUARIO,DNI,NOMBRE,APELLIDO1,APELLIDO2,FECHA_NAC,TLF_CONTACTO,ID_CENTRO)
VALUES (73,'46518462R','Oleg','Morales','Shannon','04-01-04',216805468,10);
INSERT INTO USUARIO (ID_USUARIO,DNI,NOMBRE,APELLIDO1,APELLIDO2,FECHA_NAC,TLF_CONTACTO,ID_CENTRO)
VALUES (74,'81872552O','William','Russo','Arnold','29-07-85',146755537,19);
INSERT INTO USUARIO (ID_USUARIO,DNI,NOMBRE,APELLIDO1,APELLIDO2,FECHA_NAC,TLF_CONTACTO,ID_CENTRO)
VALUES (75,'61379876N','Wyoming','Walker','Joyce','03-05-03',803798600,13);
INSERT INTO USUARIO (ID_USUARIO,DNI,NOMBRE,APELLIDO1,APELLIDO2,FECHA_NAC,TLF_CONTACTO,ID_CENTRO)
VALUES (76,'94278628I','Mohammad','Vasquez','Noel','05-07-90',486367089,18);
INSERT INTO USUARIO (ID_USUARIO,DNI,NOMBRE,APELLIDO1,APELLIDO2,FECHA_NAC,TLF_CONTACTO,ID_CENTRO)
VALUES (77,'86859376G','Benedict','Velazquez','Hurst','08-07-03',775093565,14);
INSERT INTO USUARIO (ID_USUARIO,DNI,NOMBRE,APELLIDO1,APELLIDO2,FECHA_NAC,TLF_CONTACTO,ID_CENTRO)
VALUES (78,'16444446E','Susan','Soto','Griffin','07-03-81',720212247,10);
INSERT INTO USUARIO (ID_USUARIO,DNI,NOMBRE,APELLIDO1,APELLIDO2,FECHA_NAC,TLF_CONTACTO,ID_CENTRO)
VALUES (79,'55948446U','Fuller','Gibson','Nunez','20-01-06',331288404,10);
INSERT INTO USUARIO (ID_USUARIO,DNI,NOMBRE,APELLIDO1,APELLIDO2,FECHA_NAC,TLF_CONTACTO,ID_CENTRO)
VALUES (80,'87482363U','Forrest','Gilbert','Newman','27-01-79',142232998,12);
INSERT INTO USUARIO (ID_USUARIO,DNI,NOMBRE,APELLIDO1,APELLIDO2,FECHA_NAC,TLF_CONTACTO,ID_CENTRO)
VALUES (81,'46525134B','Herrod','ONeill','Good','22-06-81',839610506,2);
INSERT INTO USUARIO (ID_USUARIO,DNI,NOMBRE,APELLIDO1,APELLIDO2,FECHA_NAC,TLF_CONTACTO,ID_CENTRO)
VALUES (82,'64266417X','Dalton','Levy','Gallagher','03-04-96',811366392,18);
INSERT INTO USUARIO (ID_USUARIO,DNI,NOMBRE,APELLIDO1,APELLIDO2,FECHA_NAC,TLF_CONTACTO,ID_CENTRO)
VALUES (83,'98952139L','Oliver','Roy','Bean','26-08-82',864953304,10);
INSERT INTO USUARIO (ID_USUARIO,DNI,NOMBRE,APELLIDO1,APELLIDO2,FECHA_NAC,TLF_CONTACTO,ID_CENTRO)
VALUES (84,'47864796I','Irma','Schneider','Burton','19-05-84',500956029,11);
INSERT INTO USUARIO (ID_USUARIO,DNI,NOMBRE,APELLIDO1,APELLIDO2,FECHA_NAC,TLF_CONTACTO,ID_CENTRO)
VALUES (85,'69678435E','MacKensie','Brennan','Reynolds','05-04-84',732232099,16);
INSERT INTO USUARIO (ID_USUARIO,DNI,NOMBRE,APELLIDO1,APELLIDO2,FECHA_NAC,TLF_CONTACTO,ID_CENTRO)
VALUES (86,'47158564N','Donovan','Dominguez','Sellers','25-01-83',577515669,5);
INSERT INTO USUARIO (ID_USUARIO,DNI,NOMBRE,APELLIDO1,APELLIDO2,FECHA_NAC,TLF_CONTACTO,ID_CENTRO)
VALUES (87,'96827166J','Audrey','Charles','Logan','09-12-75',144578590,12);
INSERT INTO USUARIO (ID_USUARIO,DNI,NOMBRE,APELLIDO1,APELLIDO2,FECHA_NAC,TLF_CONTACTO,ID_CENTRO)
VALUES (88,'27332715X','Curran','Romero','Malone','20-06-80',425324819,8);
INSERT INTO USUARIO (ID_USUARIO,DNI,NOMBRE,APELLIDO1,APELLIDO2,FECHA_NAC,TLF_CONTACTO,ID_CENTRO)
VALUES (89,'47783892U','Brittany','Mack','Ayala','26-09-02',608217047,21);
INSERT INTO USUARIO (ID_USUARIO,DNI,NOMBRE,APELLIDO1,APELLIDO2,FECHA_NAC,TLF_CONTACTO,ID_CENTRO)
VALUES (90,'85197725X','Aquila','Callahan','Little','08-12-85',573502200,5);
INSERT INTO USUARIO (ID_USUARIO,DNI,NOMBRE,APELLIDO1,APELLIDO2,FECHA_NAC,TLF_CONTACTO,ID_CENTRO)
VALUES (91,'35874664H','Addison','Barnett','Sellers','14-12-76',558906127,7);
INSERT INTO USUARIO (ID_USUARIO,DNI,NOMBRE,APELLIDO1,APELLIDO2,FECHA_NAC,TLF_CONTACTO,ID_CENTRO)
VALUES (92,'39439545F','Stone','Howe','Higgins','11-01-73',191095237,11);
INSERT INTO USUARIO (ID_USUARIO,DNI,NOMBRE,APELLIDO1,APELLIDO2,FECHA_NAC,TLF_CONTACTO,ID_CENTRO)
VALUES (93,'56437467C','Clinton','Burks','Estrada','26-02-75',591281682,24);
INSERT INTO USUARIO (ID_USUARIO,DNI,NOMBRE,APELLIDO1,APELLIDO2,FECHA_NAC,TLF_CONTACTO,ID_CENTRO)
VALUES (94,'71652593Z','Piper','Dale','Mayo','02-05-91',523780232,9);
INSERT INTO USUARIO (ID_USUARIO,DNI,NOMBRE,APELLIDO1,APELLIDO2,FECHA_NAC,TLF_CONTACTO,ID_CENTRO)
VALUES (95,'82254435M','Kylan','Kramer','Carter','06-09-78',488145297,22);
INSERT INTO USUARIO (ID_USUARIO,DNI,NOMBRE,APELLIDO1,APELLIDO2,FECHA_NAC,TLF_CONTACTO,ID_CENTRO)
VALUES (96,'33787835H','Madison','Hardy','Park','01-04-86',367779396,11);
INSERT INTO USUARIO (ID_USUARIO,DNI,NOMBRE,APELLIDO1,APELLIDO2,FECHA_NAC,TLF_CONTACTO,ID_CENTRO)
VALUES (97,'47438752V','Summer','Romero','Knapp','06-06-99',973249370,25);
INSERT INTO USUARIO (ID_USUARIO,DNI,NOMBRE,APELLIDO1,APELLIDO2,FECHA_NAC,TLF_CONTACTO,ID_CENTRO)
VALUES (98,'46568437K','Breanna','Fitzgerald','Rice','18-10-01',783722249,9);
INSERT INTO USUARIO (ID_USUARIO,DNI,NOMBRE,APELLIDO1,APELLIDO2,FECHA_NAC,TLF_CONTACTO,ID_CENTRO)
VALUES (99,'48887826R','Jason','Hopper','Mcgee','26-09-80',322148349,5);
INSERT INTO USUARIO (ID_USUARIO,DNI,NOMBRE,APELLIDO1,APELLIDO2,FECHA_NAC,TLF_CONTACTO,ID_CENTRO)
VALUES (100,'36212665J','Clare','Jacobson','Baxter','28-12-70',656582910,5);
INSERT INTO USUARIO (ID_USUARIO,DNI,NOMBRE,APELLIDO1,APELLIDO2,FECHA_NAC,TLF_CONTACTO,ID_CENTRO)
VALUES (101,'47856138T','Felicia','Berg','Huber','11-05-90',511612449,9);
INSERT INTO USUARIO (ID_USUARIO,DNI,NOMBRE,APELLIDO1,APELLIDO2,FECHA_NAC,TLF_CONTACTO,ID_CENTRO)
VALUES (102,'74179254G','Calvin','Burgess','Ewing','10-04-97',132164157,17);
INSERT INTO USUARIO (ID_USUARIO,DNI,NOMBRE,APELLIDO1,APELLIDO2,FECHA_NAC,TLF_CONTACTO,ID_CENTRO)
VALUES (103,'34822721G','Dana','Buck','Gonzalez','15-07-77',857411114,11);
INSERT INTO USUARIO (ID_USUARIO,DNI,NOMBRE,APELLIDO1,APELLIDO2,FECHA_NAC,TLF_CONTACTO,ID_CENTRO)
VALUES (104,'74553594I','Felix','Gomez','Carr','28-06-85',286280018,23);
INSERT INTO USUARIO (ID_USUARIO,DNI,NOMBRE,APELLIDO1,APELLIDO2,FECHA_NAC,TLF_CONTACTO,ID_CENTRO)
VALUES (105,'44763657S','Denton','Mccullough','Garza','02-03-71',331808888,19);
INSERT INTO USUARIO (ID_USUARIO,DNI,NOMBRE,APELLIDO1,APELLIDO2,FECHA_NAC,TLF_CONTACTO,ID_CENTRO)
VALUES (106,'32173996R','Fredericka','Cantu','Delgado','14-11-92',225193323,8);
INSERT INTO USUARIO (ID_USUARIO,DNI,NOMBRE,APELLIDO1,APELLIDO2,FECHA_NAC,TLF_CONTACTO,ID_CENTRO)
VALUES (107,'47234752M','Vladimir','Newman','Jackson','06-07-84',334105979,17);
INSERT INTO USUARIO (ID_USUARIO,DNI,NOMBRE,APELLIDO1,APELLIDO2,FECHA_NAC,TLF_CONTACTO,ID_CENTRO)
VALUES (108,'43778631A','Molly','Nichols','Stanton','28-04-94',433492020,6);
INSERT INTO USUARIO (ID_USUARIO,DNI,NOMBRE,APELLIDO1,APELLIDO2,FECHA_NAC,TLF_CONTACTO,ID_CENTRO)
VALUES (109,'84576636Z','Chaney','Nichols','Jimenez','25-11-73',672252381,15);
INSERT INTO USUARIO (ID_USUARIO,DNI,NOMBRE,APELLIDO1,APELLIDO2,FECHA_NAC,TLF_CONTACTO,ID_CENTRO)
VALUES (110,'13873633R','Denise','Delaney','Copeland','19-06-74',499745553,5);
INSERT INTO USUARIO (ID_USUARIO,DNI,NOMBRE,APELLIDO1,APELLIDO2,FECHA_NAC,TLF_CONTACTO,ID_CENTRO)
VALUES (111,'43777534U','Hyatt','Underwood','Delaney','11-12-86',447143537,10);
INSERT INTO USUARIO (ID_USUARIO,DNI,NOMBRE,APELLIDO1,APELLIDO2,FECHA_NAC,TLF_CONTACTO,ID_CENTRO)
VALUES (112,'67246693S','Karly','Bryant','Strong','08-05-73',826933003,18);
INSERT INTO USUARIO (ID_USUARIO,DNI,NOMBRE,APELLIDO1,APELLIDO2,FECHA_NAC,TLF_CONTACTO,ID_CENTRO)
VALUES (113,'58285625F','Carter','Gregory','Farrell','12-01-94',816798002,2);
INSERT INTO USUARIO (ID_USUARIO,DNI,NOMBRE,APELLIDO1,APELLIDO2,FECHA_NAC,TLF_CONTACTO,ID_CENTRO)
VALUES (114,'87285858Y','Gil','Sanford','Green','21-08-99',914476067,10);
INSERT INTO USUARIO (ID_USUARIO,DNI,NOMBRE,APELLIDO1,APELLIDO2,FECHA_NAC,TLF_CONTACTO,ID_CENTRO)
VALUES (115,'33561937Y','Hayden','Richardson','Barnett','02-10-98',606334340,16);
INSERT INTO USUARIO (ID_USUARIO,DNI,NOMBRE,APELLIDO1,APELLIDO2,FECHA_NAC,TLF_CONTACTO,ID_CENTRO)
VALUES (116,'83952723V','Patience','Cannon','Shelton','01-09-72',342388630,18);
INSERT INTO USUARIO (ID_USUARIO,DNI,NOMBRE,APELLIDO1,APELLIDO2,FECHA_NAC,TLF_CONTACTO,ID_CENTRO)
VALUES (117,'57788138K','Octavia','Hodge','Stevens','23-11-72',303076338,8);
INSERT INTO USUARIO (ID_USUARIO,DNI,NOMBRE,APELLIDO1,APELLIDO2,FECHA_NAC,TLF_CONTACTO,ID_CENTRO)
VALUES (118,'75253156X','Merritt','Huber','Larsen','04-03-80',349765502,16);
INSERT INTO USUARIO (ID_USUARIO,DNI,NOMBRE,APELLIDO1,APELLIDO2,FECHA_NAC,TLF_CONTACTO,ID_CENTRO)
VALUES (119,'54883878V','Quail','Fisher','Rodriquez','22-12-81',426816225,7);
INSERT INTO USUARIO (ID_USUARIO,DNI,NOMBRE,APELLIDO1,APELLIDO2,FECHA_NAC,TLF_CONTACTO,ID_CENTRO)
VALUES (120,'57382345V','Lacota','Watkins','Beach','05-07-94',995806027,16);
INSERT INTO USUARIO (ID_USUARIO,DNI,NOMBRE,APELLIDO1,APELLIDO2,FECHA_NAC,TLF_CONTACTO,ID_CENTRO)
VALUES (121,'74315178Q','Darius','Patrick','Hutchinson','13-01-94',748493567,5);
INSERT INTO USUARIO (ID_USUARIO,DNI,NOMBRE,APELLIDO1,APELLIDO2,FECHA_NAC,TLF_CONTACTO,ID_CENTRO)
VALUES (122,'25286536W','Otto','Carpenter','Hutchinson','26-07-74',732185856,5);
INSERT INTO USUARIO (ID_USUARIO,DNI,NOMBRE,APELLIDO1,APELLIDO2,FECHA_NAC,TLF_CONTACTO,ID_CENTRO)
VALUES (123,'26263424S','Barry','Ortega','Allen','23-09-74',130034633,1);
INSERT INTO USUARIO (ID_USUARIO,DNI,NOMBRE,APELLIDO1,APELLIDO2,FECHA_NAC,TLF_CONTACTO,ID_CENTRO)
VALUES (124,'68676243H','Yuri','Sparks','Galloway','05-02-07',619282038,5);
INSERT INTO USUARIO (ID_USUARIO,DNI,NOMBRE,APELLIDO1,APELLIDO2,FECHA_NAC,TLF_CONTACTO,ID_CENTRO)
VALUES (125,'23525669T','Juan','Magan','Masmal','21-10-73',990022102,4);
INSERT INTO USUARIO (ID_USUARIO,DNI,NOMBRE,APELLIDO1,APELLIDO2,FECHA_NAC,TLF_CONTACTO,ID_CENTRO)
VALUES (126,'77679935A','Marsden','Hunt','Hendrix','23-04-90',900088275,12);
INSERT INTO USUARIO (ID_USUARIO,DNI,NOMBRE,APELLIDO1,APELLIDO2,FECHA_NAC,TLF_CONTACTO,ID_CENTRO)
VALUES (127,'48819444Y','Sylvia','Browning','Reyes','03-08-90',468640746,23);
INSERT INTO USUARIO (ID_USUARIO,DNI,NOMBRE,APELLIDO1,APELLIDO2,FECHA_NAC,TLF_CONTACTO,ID_CENTRO)
VALUES (128,'59972428V','Upton','Morrison','Simon','21-07-93',933551983,23);
INSERT INTO USUARIO (ID_USUARIO,DNI,NOMBRE,APELLIDO1,APELLIDO2,FECHA_NAC,TLF_CONTACTO,ID_CENTRO)
VALUES (129,'87112654I','Vincent','Welch','Mullen','02-03-78',311793394,7);
INSERT INTO USUARIO (ID_USUARIO,DNI,NOMBRE,APELLIDO1,APELLIDO2,FECHA_NAC,TLF_CONTACTO,ID_CENTRO)
VALUES (130,'56287978M','Blythe','Delgado','Hartman','02-04-70',858829083,19);
INSERT INTO USUARIO (ID_USUARIO,DNI,NOMBRE,APELLIDO1,APELLIDO2,FECHA_NAC,TLF_CONTACTO,ID_CENTRO)
VALUES (131,'61213862D','Wyatt','Marks','Carrillo','11-03-04',292797312,13);
INSERT INTO USUARIO (ID_USUARIO,DNI,NOMBRE,APELLIDO1,APELLIDO2,FECHA_NAC,TLF_CONTACTO,ID_CENTRO)
VALUES (132,'88894542R','Bruce','Witt','Newton','19-05-77',320786148,4);
INSERT INTO USUARIO (ID_USUARIO,DNI,NOMBRE,APELLIDO1,APELLIDO2,FECHA_NAC,TLF_CONTACTO,ID_CENTRO)
VALUES (133,'67544739Y','Adele','Harper','Knox','11-05-76',293183896,22);
INSERT INTO USUARIO (ID_USUARIO,DNI,NOMBRE,APELLIDO1,APELLIDO2,FECHA_NAC,TLF_CONTACTO,ID_CENTRO)
VALUES (134,'54481253T','Armando','Case','Spencer','10-01-95',209387085,21);
INSERT INTO USUARIO (ID_USUARIO,DNI,NOMBRE,APELLIDO1,APELLIDO2,FECHA_NAC,TLF_CONTACTO,ID_CENTRO)
VALUES (135,'88538252E','Brianna','Trevino','Dixon','27-11-92',127958145,1);
INSERT INTO USUARIO (ID_USUARIO,DNI,NOMBRE,APELLIDO1,APELLIDO2,FECHA_NAC,TLF_CONTACTO,ID_CENTRO)
VALUES (136,'74626252L','Laura','Guthrie','Potter','01-05-82',434511549,22);
INSERT INTO USUARIO (ID_USUARIO,DNI,NOMBRE,APELLIDO1,APELLIDO2,FECHA_NAC,TLF_CONTACTO,ID_CENTRO)
VALUES (137,'81282341O','Hunter','Wilkinson','Bonner','07-05-90',698617729,1);
INSERT INTO USUARIO (ID_USUARIO,DNI,NOMBRE,APELLIDO1,APELLIDO2,FECHA_NAC,TLF_CONTACTO,ID_CENTRO)
VALUES (138,'74274152X','Clio','Pacheco','Dorsey','01-10-85',786773567,8);
INSERT INTO USUARIO (ID_USUARIO,DNI,NOMBRE,APELLIDO1,APELLIDO2,FECHA_NAC,TLF_CONTACTO,ID_CENTRO)
VALUES (139,'74283951S','Camden','Snyder','Hawkins','03-10-73',217344647,22);
INSERT INTO USUARIO (ID_USUARIO,DNI,NOMBRE,APELLIDO1,APELLIDO2,FECHA_NAC,TLF_CONTACTO,ID_CENTRO)
VALUES (140,'37736784I','Arsenio','Espinoza','Terry','21-12-03',798738003,12);
INSERT INTO USUARIO (ID_USUARIO,DNI,NOMBRE,APELLIDO1,APELLIDO2,FECHA_NAC,TLF_CONTACTO,ID_CENTRO)
VALUES (141,'75322836N','Jelani','Barlow','Bass','19-01-03',822810041,6);
INSERT INTO USUARIO (ID_USUARIO,DNI,NOMBRE,APELLIDO1,APELLIDO2,FECHA_NAC,TLF_CONTACTO,ID_CENTRO)
VALUES (142,'71272655A','Shelley','Clay','Hunt','21-12-81',574062374,24);
INSERT INTO USUARIO (ID_USUARIO,DNI,NOMBRE,APELLIDO1,APELLIDO2,FECHA_NAC,TLF_CONTACTO,ID_CENTRO)
VALUES (143,'61537586L','Rogan','Clements','Buck','16-02-99',770135091,25);
INSERT INTO USUARIO (ID_USUARIO,DNI,NOMBRE,APELLIDO1,APELLIDO2,FECHA_NAC,TLF_CONTACTO,ID_CENTRO)
VALUES (144,'57721531O','Tana','Peterson','Berry','01-07-02',610954880,16);
INSERT INTO USUARIO (ID_USUARIO,DNI,NOMBRE,APELLIDO1,APELLIDO2,FECHA_NAC,TLF_CONTACTO,ID_CENTRO)
VALUES (145,'43815443C','Troy','Cunningham','Kelley','09-10-77',615702157,14);
INSERT INTO USUARIO (ID_USUARIO,DNI,NOMBRE,APELLIDO1,APELLIDO2,FECHA_NAC,TLF_CONTACTO,ID_CENTRO)
VALUES (146,'62339651U','Carly','Hopkins','Strickland','30-07-93',594632983,16);
INSERT INTO USUARIO (ID_USUARIO,DNI,NOMBRE,APELLIDO1,APELLIDO2,FECHA_NAC,TLF_CONTACTO,ID_CENTRO)
VALUES (147,'25975658C','Phelan','Carson','Gallagher','27-08-76',431194388,14);
INSERT INTO USUARIO (ID_USUARIO,DNI,NOMBRE,APELLIDO1,APELLIDO2,FECHA_NAC,TLF_CONTACTO,ID_CENTRO)
VALUES (148,'47658685H','Theodore','Cervantes','Cabrera','14-08-01',156374242,12);
INSERT INTO USUARIO (ID_USUARIO,DNI,NOMBRE,APELLIDO1,APELLIDO2,FECHA_NAC,TLF_CONTACTO,ID_CENTRO)
VALUES (149,'65668855T','Louis','Sanders','Clarke','09-02-81',358247817,6);
INSERT INTO USUARIO (ID_USUARIO,DNI,NOMBRE,APELLIDO1,APELLIDO2,FECHA_NAC,TLF_CONTACTO,ID_CENTRO)
VALUES (150,'22499923K','Vivien','Leonard','Willis','24-05-00',387917342,20);
INSERT INTO USUARIO (ID_USUARIO,DNI,NOMBRE,APELLIDO1,APELLIDO2,FECHA_NAC,TLF_CONTACTO,ID_CENTRO)
VALUES (151,'54782255Y','Rogan','Dunlap','Potts','04-12-02',537075293,25);
INSERT INTO USUARIO (ID_USUARIO,DNI,NOMBRE,APELLIDO1,APELLIDO2,FECHA_NAC,TLF_CONTACTO,ID_CENTRO)
VALUES (152,'93647584D','Latifah','Landry','Wall','13-05-96',481086223,11);
INSERT INTO USUARIO (ID_USUARIO,DNI,NOMBRE,APELLIDO1,APELLIDO2,FECHA_NAC,TLF_CONTACTO,ID_CENTRO)
VALUES (153,'23382249X','Ulysses','Galloway','Joseph','23-04-99',211668796,11);
INSERT INTO USUARIO (ID_USUARIO,DNI,NOMBRE,APELLIDO1,APELLIDO2,FECHA_NAC,TLF_CONTACTO,ID_CENTRO)
VALUES (154,'98642972F','Buckminster','Tucker','Vazquez','01-07-83',727004043,15);
INSERT INTO USUARIO (ID_USUARIO,DNI,NOMBRE,APELLIDO1,APELLIDO2,FECHA_NAC,TLF_CONTACTO,ID_CENTRO)
VALUES (155,'47764764W','Patience','Gonzalez','Anderson','21-02-04',306464672,25);
INSERT INTO USUARIO (ID_USUARIO,DNI,NOMBRE,APELLIDO1,APELLIDO2,FECHA_NAC,TLF_CONTACTO,ID_CENTRO)
VALUES (156,'54676511V','Seth','Jackson','Hurley','08-07-85',341466454,25);
INSERT INTO USUARIO (ID_USUARIO,DNI,NOMBRE,APELLIDO1,APELLIDO2,FECHA_NAC,TLF_CONTACTO,ID_CENTRO)
VALUES (157,'21557481I','Venus','Boyd','Morin','17-02-95',990040284,19);
INSERT INTO USUARIO (ID_USUARIO,DNI,NOMBRE,APELLIDO1,APELLIDO2,FECHA_NAC,TLF_CONTACTO,ID_CENTRO)
VALUES (158,'75276764J','Alana','Gaines','Hart','09-11-90',675992656,5);
INSERT INTO USUARIO (ID_USUARIO,DNI,NOMBRE,APELLIDO1,APELLIDO2,FECHA_NAC,TLF_CONTACTO,ID_CENTRO)
VALUES (159,'23851513U','Russell','Mays','Moses','25-10-07',317911653,19);
INSERT INTO USUARIO (ID_USUARIO,DNI,NOMBRE,APELLIDO1,APELLIDO2,FECHA_NAC,TLF_CONTACTO,ID_CENTRO)
VALUES (160,'92176213J','Yardley','Bowers','Sandoval','10-05-80',893798649,17);
INSERT INTO USUARIO (ID_USUARIO,DNI,NOMBRE,APELLIDO1,APELLIDO2,FECHA_NAC,TLF_CONTACTO,ID_CENTRO)
VALUES (161,'38812784B','Lillian','Clemons','Knowles','27-09-79',327245759,16);
INSERT INTO USUARIO (ID_USUARIO,DNI,NOMBRE,APELLIDO1,APELLIDO2,FECHA_NAC,TLF_CONTACTO,ID_CENTRO)
VALUES (162,'22573844M','Colorado','Villarreal','Fletcher','09-04-02',653240929,25);
INSERT INTO USUARIO (ID_USUARIO,DNI,NOMBRE,APELLIDO1,APELLIDO2,FECHA_NAC,TLF_CONTACTO,ID_CENTRO)
VALUES (163,'85219524O','Freya','Oconnor','Good','16-12-98',644500421,24);
INSERT INTO USUARIO (ID_USUARIO,DNI,NOMBRE,APELLIDO1,APELLIDO2,FECHA_NAC,TLF_CONTACTO,ID_CENTRO)
VALUES (164,'46376628T','Harrison','Sherman','Diaz','15-08-98',622947680,12);
INSERT INTO USUARIO (ID_USUARIO,DNI,NOMBRE,APELLIDO1,APELLIDO2,FECHA_NAC,TLF_CONTACTO,ID_CENTRO)
VALUES (165,'54424469T','Chandler','Norton','Ray','24-01-03',929132821,9);
INSERT INTO USUARIO (ID_USUARIO,DNI,NOMBRE,APELLIDO1,APELLIDO2,FECHA_NAC,TLF_CONTACTO,ID_CENTRO)
VALUES (166,'36836883D','Nolan','Page','Lloyd','04-09-04',447211846,2);
INSERT INTO USUARIO (ID_USUARIO,DNI,NOMBRE,APELLIDO1,APELLIDO2,FECHA_NAC,TLF_CONTACTO,ID_CENTRO)
VALUES (167,'71627458U','Paul','Mckenzie','Parker','05-04-79',145706173,9);
INSERT INTO USUARIO (ID_USUARIO,DNI,NOMBRE,APELLIDO1,APELLIDO2,FECHA_NAC,TLF_CONTACTO,ID_CENTRO)
VALUES (168,'81364654V','Leah','Bradley','Beach','17-02-90',177441361,18);
INSERT INTO USUARIO (ID_USUARIO,DNI,NOMBRE,APELLIDO1,APELLIDO2,FECHA_NAC,TLF_CONTACTO,ID_CENTRO)
VALUES (169,'18532466E','Hoyt','Parrish','Eaton','31-03-84',827074891,16);
INSERT INTO USUARIO (ID_USUARIO,DNI,NOMBRE,APELLIDO1,APELLIDO2,FECHA_NAC,TLF_CONTACTO,ID_CENTRO)
VALUES (170,'15697845O','Maxwell','Head','Ball','17-02-90',525075588,11);
INSERT INTO USUARIO (ID_USUARIO,DNI,NOMBRE,APELLIDO1,APELLIDO2,FECHA_NAC,TLF_CONTACTO,ID_CENTRO)
VALUES (171,'49852233K','Willa','Hendrix','English','29-12-87',674000080,5);
INSERT INTO USUARIO (ID_USUARIO,DNI,NOMBRE,APELLIDO1,APELLIDO2,FECHA_NAC,TLF_CONTACTO,ID_CENTRO)
VALUES (172,'52985211G','William','Potts','Cooper','28-06-01',683694292,12);
INSERT INTO USUARIO (ID_USUARIO,DNI,NOMBRE,APELLIDO1,APELLIDO2,FECHA_NAC,TLF_CONTACTO,ID_CENTRO)
VALUES (173,'55555365W','Lester','Dixon','Hobbs','04-03-76',152159764,16);
INSERT INTO USUARIO (ID_USUARIO,DNI,NOMBRE,APELLIDO1,APELLIDO2,FECHA_NAC,TLF_CONTACTO,ID_CENTRO)
VALUES (174,'63834575F','Silas','Robles','Joyce','08-03-04',325655269,2);
INSERT INTO USUARIO (ID_USUARIO,DNI,NOMBRE,APELLIDO1,APELLIDO2,FECHA_NAC,TLF_CONTACTO,ID_CENTRO)
VALUES (175,'24363277T','Chase','Hopper','Forbes','30-06-84',233770844,9);
INSERT INTO USUARIO (ID_USUARIO,DNI,NOMBRE,APELLIDO1,APELLIDO2,FECHA_NAC,TLF_CONTACTO,ID_CENTRO)
VALUES (176,'77652688G','Cassidy','Henson','Langley','13-03-87',336835791,19);
INSERT INTO USUARIO (ID_USUARIO,DNI,NOMBRE,APELLIDO1,APELLIDO2,FECHA_NAC,TLF_CONTACTO,ID_CENTRO)
VALUES (177,'18467194Y','Fleur','Guerrero','Lucas','13-12-93',592120062,7);
INSERT INTO USUARIO (ID_USUARIO,DNI,NOMBRE,APELLIDO1,APELLIDO2,FECHA_NAC,TLF_CONTACTO,ID_CENTRO)
VALUES (178,'64558543L','Marcia','Fitzpatrick','Rosales','29-03-83',887243240,23);
INSERT INTO USUARIO (ID_USUARIO,DNI,NOMBRE,APELLIDO1,APELLIDO2,FECHA_NAC,TLF_CONTACTO,ID_CENTRO)
VALUES (179,'52186324H','Shelly','Rogers','Underwood','26-11-00',662169612,4);
INSERT INTO USUARIO (ID_USUARIO,DNI,NOMBRE,APELLIDO1,APELLIDO2,FECHA_NAC,TLF_CONTACTO,ID_CENTRO)
VALUES (180,'97864817C','Olympia','Gregory','Hyde','15-04-06',950782555,17);
INSERT INTO USUARIO (ID_USUARIO,DNI,NOMBRE,APELLIDO1,APELLIDO2,FECHA_NAC,TLF_CONTACTO,ID_CENTRO)
VALUES (181,'36652638T','Germane','Gay','Nguyen','16-08-05',376983267,17);
INSERT INTO USUARIO (ID_USUARIO,DNI,NOMBRE,APELLIDO1,APELLIDO2,FECHA_NAC,TLF_CONTACTO,ID_CENTRO)
VALUES (182,'21345854I','Talon','Gibbs','Decker','07-06-94',686368792,19);
INSERT INTO USUARIO (ID_USUARIO,DNI,NOMBRE,APELLIDO1,APELLIDO2,FECHA_NAC,TLF_CONTACTO,ID_CENTRO)
VALUES (183,'26293234G','Lana','Townsend','Puckett','15-05-00',782813260,16);
INSERT INTO USUARIO (ID_USUARIO,DNI,NOMBRE,APELLIDO1,APELLIDO2,FECHA_NAC,TLF_CONTACTO,ID_CENTRO)
VALUES (184,'32549248R','Keegan','Blake','Monroe','02-07-87',209389200,10);
INSERT INTO USUARIO (ID_USUARIO,DNI,NOMBRE,APELLIDO1,APELLIDO2,FECHA_NAC,TLF_CONTACTO,ID_CENTRO)
VALUES (185,'65782332A','Lynn','Albert','Raymond','25-04-91',465239370,11);
INSERT INTO USUARIO (ID_USUARIO,DNI,NOMBRE,APELLIDO1,APELLIDO2,FECHA_NAC,TLF_CONTACTO,ID_CENTRO)
VALUES (186,'84362845P','David','Pennington','Townsend','27-06-77',872550210,6);
INSERT INTO USUARIO (ID_USUARIO,DNI,NOMBRE,APELLIDO1,APELLIDO2,FECHA_NAC,TLF_CONTACTO,ID_CENTRO)
VALUES (187,'33217281X','Cedric','Richmond','Hendrix','22-11-76',666664741,20);
INSERT INTO USUARIO (ID_USUARIO,DNI,NOMBRE,APELLIDO1,APELLIDO2,FECHA_NAC,TLF_CONTACTO,ID_CENTRO)
VALUES (188,'73267545R','Lucius','Huber','Franks','28-01-71',579946556,4);
INSERT INTO USUARIO (ID_USUARIO,DNI,NOMBRE,APELLIDO1,APELLIDO2,FECHA_NAC,TLF_CONTACTO,ID_CENTRO)
VALUES (189,'46627986Y','Tallulah','Stein','Holmes','18-06-73',744041904,10);
INSERT INTO USUARIO (ID_USUARIO,DNI,NOMBRE,APELLIDO1,APELLIDO2,FECHA_NAC,TLF_CONTACTO,ID_CENTRO)
VALUES (190,'25843275Z','Odette','Spears','Kline','20-11-70',197002257,11);
INSERT INTO USUARIO (ID_USUARIO,DNI,NOMBRE,APELLIDO1,APELLIDO2,FECHA_NAC,TLF_CONTACTO,ID_CENTRO)
VALUES (191,'18297521W','Audra','Farmer','Cooke','21-03-93',896686947,14);
INSERT INTO USUARIO (ID_USUARIO,DNI,NOMBRE,APELLIDO1,APELLIDO2,FECHA_NAC,TLF_CONTACTO,ID_CENTRO)
VALUES (192,'43268654I','Ferdinand','Russell','Head','26-09-88',955756484,19);
INSERT INTO USUARIO (ID_USUARIO,DNI,NOMBRE,APELLIDO1,APELLIDO2,FECHA_NAC,TLF_CONTACTO,ID_CENTRO)
VALUES (193,'53857836O','Roanna','Anthony','Mendez','21-06-91',830078093,2);
INSERT INTO USUARIO (ID_USUARIO,DNI,NOMBRE,APELLIDO1,APELLIDO2,FECHA_NAC,TLF_CONTACTO,ID_CENTRO)
VALUES (194,'28225334O','Dalton','Jackson','Blevins','10-06-94',298834193,7);
INSERT INTO USUARIO (ID_USUARIO,DNI,NOMBRE,APELLIDO1,APELLIDO2,FECHA_NAC,TLF_CONTACTO,ID_CENTRO)
VALUES (195,'36525942Q','Christen','Chandler','Cortez','11-04-83',297464584,17);
INSERT INTO USUARIO (ID_USUARIO,DNI,NOMBRE,APELLIDO1,APELLIDO2,FECHA_NAC,TLF_CONTACTO,ID_CENTRO)
VALUES (196,'87657449E','Brenden','Schwartz','Robinson','27-09-04',526195930,20);
INSERT INTO USUARIO (ID_USUARIO,DNI,NOMBRE,APELLIDO1,APELLIDO2,FECHA_NAC,TLF_CONTACTO,ID_CENTRO)
VALUES (197,'68742772J','Kelly','Winters','Mccall','30-03-98',788937672,2);
INSERT INTO USUARIO (ID_USUARIO,DNI,NOMBRE,APELLIDO1,APELLIDO2,FECHA_NAC,TLF_CONTACTO,ID_CENTRO)
VALUES (198,'56523712P','Jacob','Copeland','Chavez','28-05-00',561425217,20);
INSERT INTO USUARIO (ID_USUARIO,DNI,NOMBRE,APELLIDO1,APELLIDO2,FECHA_NAC,TLF_CONTACTO,ID_CENTRO)
VALUES (199,'73334521Z','Ronan','Ellison','Carlson','13-04-96',147698544,8);
INSERT INTO USUARIO (ID_USUARIO,DNI,NOMBRE,APELLIDO1,APELLIDO2,FECHA_NAC,TLF_CONTACTO,ID_CENTRO)
VALUES (200,'73215445N','Adrienne','Richardson','Rutledge','30-01-06',338685375,14);
INSERT INTO USUARIO (ID_USUARIO,DNI,NOMBRE,APELLIDO1,APELLIDO2,FECHA_NAC,TLF_CONTACTO,ID_CENTRO)
VALUES (201,'82574563P','Mark','Spence','Spencer','18-11-72',787546353,14);
INSERT INTO USUARIO (ID_USUARIO,DNI,NOMBRE,APELLIDO1,APELLIDO2,FECHA_NAC,TLF_CONTACTO,ID_CENTRO)
VALUES (202,'32662235I','Abraham','Francis','Buchanan','31-10-96',206792000,13);
INSERT INTO USUARIO (ID_USUARIO,DNI,NOMBRE,APELLIDO1,APELLIDO2,FECHA_NAC,TLF_CONTACTO,ID_CENTRO)
VALUES (203,'94553579C','Simone','Morales','Hays','10-03-90',633227632,2);
INSERT INTO USUARIO (ID_USUARIO,DNI,NOMBRE,APELLIDO1,APELLIDO2,FECHA_NAC,TLF_CONTACTO,ID_CENTRO)
VALUES (204,'34187589R','Edan','Jimenez','Leach','12-09-07',197328955,18);
INSERT INTO USUARIO (ID_USUARIO,DNI,NOMBRE,APELLIDO1,APELLIDO2,FECHA_NAC,TLF_CONTACTO,ID_CENTRO)
VALUES (205,'44727436D','Ryder','Bentley','Jacobs','13-08-96',968276051,14);
INSERT INTO USUARIO (ID_USUARIO,DNI,NOMBRE,APELLIDO1,APELLIDO2,FECHA_NAC,TLF_CONTACTO,ID_CENTRO)
VALUES (206,'98468273C','Salvador','Wagner','Griffin','25-12-79',701544599,23);
INSERT INTO USUARIO (ID_USUARIO,DNI,NOMBRE,APELLIDO1,APELLIDO2,FECHA_NAC,TLF_CONTACTO,ID_CENTRO)
VALUES (207,'94182627S','Avram','Brock','Shepherd','21-04-07',334537925,18);
INSERT INTO USUARIO (ID_USUARIO,DNI,NOMBRE,APELLIDO1,APELLIDO2,FECHA_NAC,TLF_CONTACTO,ID_CENTRO)
VALUES (208,'61824543R','Gillian','Bailey','Potts','30-11-74',117558014,20);
INSERT INTO USUARIO (ID_USUARIO,DNI,NOMBRE,APELLIDO1,APELLIDO2,FECHA_NAC,TLF_CONTACTO,ID_CENTRO)
VALUES (209,'81534337Q','Emily','Rich','Carlson','29-12-87',376900050,14);
INSERT INTO USUARIO (ID_USUARIO,DNI,NOMBRE,APELLIDO1,APELLIDO2,FECHA_NAC,TLF_CONTACTO,ID_CENTRO)
VALUES (210,'28357559G','Ignatius','Banks','Burch','04-08-71',336877026,10);
INSERT INTO USUARIO (ID_USUARIO,DNI,NOMBRE,APELLIDO1,APELLIDO2,FECHA_NAC,TLF_CONTACTO,ID_CENTRO)
VALUES (211,'77987136W','Tanek','Ray','Smith','22-02-02',458351310,13);
INSERT INTO USUARIO (ID_USUARIO,DNI,NOMBRE,APELLIDO1,APELLIDO2,FECHA_NAC,TLF_CONTACTO,ID_CENTRO)
VALUES (212,'29892325J','Elliott','Thomas','Head','04-04-06',479888646,20);
INSERT INTO USUARIO (ID_USUARIO,DNI,NOMBRE,APELLIDO1,APELLIDO2,FECHA_NAC,TLF_CONTACTO,ID_CENTRO)
VALUES (213,'64236982V','Felicia','Garrett','Flores','31-10-87',564613356,8);
INSERT INTO USUARIO (ID_USUARIO,DNI,NOMBRE,APELLIDO1,APELLIDO2,FECHA_NAC,TLF_CONTACTO,ID_CENTRO)
VALUES (214,'57546542I','Gay','Baldwin','Baxter','28-12-02',840625918,21);
INSERT INTO USUARIO (ID_USUARIO,DNI,NOMBRE,APELLIDO1,APELLIDO2,FECHA_NAC,TLF_CONTACTO,ID_CENTRO)
VALUES (215,'83275337L','Kylee','Mcbride','Gill','29-12-80',140123592,13);
INSERT INTO USUARIO (ID_USUARIO,DNI,NOMBRE,APELLIDO1,APELLIDO2,FECHA_NAC,TLF_CONTACTO,ID_CENTRO)
VALUES (216,'72835168I','Graiden','Hicks','Kemp','16-06-81',500035274,18);
INSERT INTO USUARIO (ID_USUARIO,DNI,NOMBRE,APELLIDO1,APELLIDO2,FECHA_NAC,TLF_CONTACTO,ID_CENTRO)
VALUES (217,'23182555M','Nissim','Fitzpatrick','Mayer','05-09-96',398246604,9);
INSERT INTO USUARIO (ID_USUARIO,DNI,NOMBRE,APELLIDO1,APELLIDO2,FECHA_NAC,TLF_CONTACTO,ID_CENTRO)
VALUES (218,'65555931X','Gillian','Moreno','Edwards','09-06-82',937350344,20);
INSERT INTO USUARIO (ID_USUARIO,DNI,NOMBRE,APELLIDO1,APELLIDO2,FECHA_NAC,TLF_CONTACTO,ID_CENTRO)
VALUES (219,'43251384P','Mollie','Pollard','Barrera','07-02-88',539793957,13);
INSERT INTO USUARIO (ID_USUARIO,DNI,NOMBRE,APELLIDO1,APELLIDO2,FECHA_NAC,TLF_CONTACTO,ID_CENTRO)
VALUES (220,'46872368I','Ursa','Stafford','English','08-11-77',843763558,19);
INSERT INTO USUARIO (ID_USUARIO,DNI,NOMBRE,APELLIDO1,APELLIDO2,FECHA_NAC,TLF_CONTACTO,ID_CENTRO)
VALUES (221,'86623322U','Medge','Singleton','Bonner','16-11-96',115874100,22);
INSERT INTO USUARIO (ID_USUARIO,DNI,NOMBRE,APELLIDO1,APELLIDO2,FECHA_NAC,TLF_CONTACTO,ID_CENTRO)
VALUES (222,'87515848E','Macon','Haynes','Cannon','10-10-99',974537050,13);
INSERT INTO USUARIO (ID_USUARIO,DNI,NOMBRE,APELLIDO1,APELLIDO2,FECHA_NAC,TLF_CONTACTO,ID_CENTRO)
VALUES (223,'26226658E','Zelda','Rush','Singleton','18-01-72',382367431,20);
INSERT INTO USUARIO (ID_USUARIO,DNI,NOMBRE,APELLIDO1,APELLIDO2,FECHA_NAC,TLF_CONTACTO,ID_CENTRO)
VALUES (224,'56665643I','Xander','Austin','Solis','29-04-77',180601442,18);
INSERT INTO USUARIO (ID_USUARIO,DNI,NOMBRE,APELLIDO1,APELLIDO2,FECHA_NAC,TLF_CONTACTO,ID_CENTRO)
VALUES (225,'93588837N','Bianca','Hanson','Frazier','10-05-94',262361236,2);
INSERT INTO USUARIO (ID_USUARIO,DNI,NOMBRE,APELLIDO1,APELLIDO2,FECHA_NAC,TLF_CONTACTO,ID_CENTRO)
VALUES (226,'25752242F','Xavier','Goff','Dalton','09-11-73',148513407,18);
INSERT INTO USUARIO (ID_USUARIO,DNI,NOMBRE,APELLIDO1,APELLIDO2,FECHA_NAC,TLF_CONTACTO,ID_CENTRO)
VALUES (227,'37436496S','Susan','Newman','Hood','13-03-77',822467710,12);
INSERT INTO USUARIO (ID_USUARIO,DNI,NOMBRE,APELLIDO1,APELLIDO2,FECHA_NAC,TLF_CONTACTO,ID_CENTRO)
VALUES (228,'32443885X','Mariam','Figueroa','Mendoza','16-01-92',902579779,21);
INSERT INTO USUARIO (ID_USUARIO,DNI,NOMBRE,APELLIDO1,APELLIDO2,FECHA_NAC,TLF_CONTACTO,ID_CENTRO)
VALUES (229,'66849769L','Ariana','Mccoy','Britt','24-03-95',850816272,20);
INSERT INTO USUARIO (ID_USUARIO,DNI,NOMBRE,APELLIDO1,APELLIDO2,FECHA_NAC,TLF_CONTACTO,ID_CENTRO)
VALUES (230,'58612523D','Vivian','White','Jordan','15-11-82',323228898,8);
INSERT INTO USUARIO (ID_USUARIO,DNI,NOMBRE,APELLIDO1,APELLIDO2,FECHA_NAC,TLF_CONTACTO,ID_CENTRO)
VALUES (231,'75298577R','Aimee','Sosa','Hurst','20-09-80',721279822,25);
INSERT INTO USUARIO (ID_USUARIO,DNI,NOMBRE,APELLIDO1,APELLIDO2,FECHA_NAC,TLF_CONTACTO,ID_CENTRO)
VALUES (232,'42322682B','Fiona','Prince','Molina','07-11-06',181063333,11);
INSERT INTO USUARIO (ID_USUARIO,DNI,NOMBRE,APELLIDO1,APELLIDO2,FECHA_NAC,TLF_CONTACTO,ID_CENTRO)
VALUES (233,'85385885E','Vance','Cantrell','Bryan','09-04-80',395402728,24);
INSERT INTO USUARIO (ID_USUARIO,DNI,NOMBRE,APELLIDO1,APELLIDO2,FECHA_NAC,TLF_CONTACTO,ID_CENTRO)
VALUES (234,'85241484E','Damian','Glenn','Olson','27-08-07',680303857,17);
INSERT INTO USUARIO (ID_USUARIO,DNI,NOMBRE,APELLIDO1,APELLIDO2,FECHA_NAC,TLF_CONTACTO,ID_CENTRO)
VALUES (235,'64648673U','Erin','Snow','Elliott','16-01-08',357833967,21);
INSERT INTO USUARIO (ID_USUARIO,DNI,NOMBRE,APELLIDO1,APELLIDO2,FECHA_NAC,TLF_CONTACTO,ID_CENTRO)
VALUES (236,'58282666H','Brendan','Randolph','George','29-01-86',248644093,9);
INSERT INTO USUARIO (ID_USUARIO,DNI,NOMBRE,APELLIDO1,APELLIDO2,FECHA_NAC,TLF_CONTACTO,ID_CENTRO)
VALUES (237,'58933677T','Keith','Townsend','Green','21-04-70',981890131,3);
INSERT INTO USUARIO (ID_USUARIO,DNI,NOMBRE,APELLIDO1,APELLIDO2,FECHA_NAC,TLF_CONTACTO,ID_CENTRO)
VALUES (238,'84593383Q','Vera','Chase','Robles','01-11-75',571624460,18);
INSERT INTO USUARIO (ID_USUARIO,DNI,NOMBRE,APELLIDO1,APELLIDO2,FECHA_NAC,TLF_CONTACTO,ID_CENTRO)
VALUES (239,'75322744V','Tanek','Mcintosh','Dorsey','29-10-97',502361742,12);
INSERT INTO USUARIO (ID_USUARIO,DNI,NOMBRE,APELLIDO1,APELLIDO2,FECHA_NAC,TLF_CONTACTO,ID_CENTRO)
VALUES (240,'97874989N','Elmo','Frederick','Miles','16-09-78',310761892,14);
INSERT INTO USUARIO (ID_USUARIO,DNI,NOMBRE,APELLIDO1,APELLIDO2,FECHA_NAC,TLF_CONTACTO,ID_CENTRO)
VALUES (241,'18398583L','Keegan','Mccarty','Irwin','28-06-88',601597143,11);
INSERT INTO USUARIO (ID_USUARIO,DNI,NOMBRE,APELLIDO1,APELLIDO2,FECHA_NAC,TLF_CONTACTO,ID_CENTRO)
VALUES (242,'43528348D','Maite','Nolan','Hill','02-12-72',963606484,14);
INSERT INTO USUARIO (ID_USUARIO,DNI,NOMBRE,APELLIDO1,APELLIDO2,FECHA_NAC,TLF_CONTACTO,ID_CENTRO)
VALUES (243,'82324784U','Adrian','Copeland','Holt','01-06-02',379710113,9);
INSERT INTO USUARIO (ID_USUARIO,DNI,NOMBRE,APELLIDO1,APELLIDO2,FECHA_NAC,TLF_CONTACTO,ID_CENTRO)
VALUES (244,'58888538D','Audrey','Moss','Johnston','16-04-04',168145276,3);
INSERT INTO USUARIO (ID_USUARIO,DNI,NOMBRE,APELLIDO1,APELLIDO2,FECHA_NAC,TLF_CONTACTO,ID_CENTRO)
VALUES (245,'85345358W','Mohammad','Stanley','Finley','10-07-04',945389252,10);
INSERT INTO USUARIO (ID_USUARIO,DNI,NOMBRE,APELLIDO1,APELLIDO2,FECHA_NAC,TLF_CONTACTO,ID_CENTRO)
VALUES (246,'24864927F','Stephen','Francis','Wall','26-05-94',817894569,21);
INSERT INTO USUARIO (ID_USUARIO,DNI,NOMBRE,APELLIDO1,APELLIDO2,FECHA_NAC,TLF_CONTACTO,ID_CENTRO)
VALUES (247,'42691796F','Hiram','Cole','Spears','04-01-88',770813583,3);
INSERT INTO USUARIO (ID_USUARIO,DNI,NOMBRE,APELLIDO1,APELLIDO2,FECHA_NAC,TLF_CONTACTO,ID_CENTRO)
VALUES (248,'51643827B','Melyssa','Alvarez','Fry','19-07-84',786311672,2);
INSERT INTO USUARIO (ID_USUARIO,DNI,NOMBRE,APELLIDO1,APELLIDO2,FECHA_NAC,TLF_CONTACTO,ID_CENTRO)
VALUES (249,'86788766K','Palmer','Hensley','Mccall','30-09-94',274733160,22);
INSERT INTO USUARIO (ID_USUARIO,DNI,NOMBRE,APELLIDO1,APELLIDO2,FECHA_NAC,TLF_CONTACTO,ID_CENTRO)
VALUES (250,'35538954F','Gretchen','Chambers','Horton','13-08-83',821141115,10);
INSERT INTO USUARIO (ID_USUARIO,DNI,NOMBRE,APELLIDO1,APELLIDO2,FECHA_NAC,TLF_CONTACTO,ID_CENTRO)
VALUES (251,'87343572I','Reece','Maxwell','Hull','15-11-76',686484751,8);
INSERT INTO USUARIO (ID_USUARIO,DNI,NOMBRE,APELLIDO1,APELLIDO2,FECHA_NAC,TLF_CONTACTO,ID_CENTRO)
VALUES (252,'75348547T','Quamar','Conner','Fletcher','09-07-85',586093106,20);
INSERT INTO USUARIO (ID_USUARIO,DNI,NOMBRE,APELLIDO1,APELLIDO2,FECHA_NAC,TLF_CONTACTO,ID_CENTRO)
VALUES (253,'52464358N','Troy','Ferguson','Reeves','27-12-95',253696015,2);
INSERT INTO USUARIO (ID_USUARIO,DNI,NOMBRE,APELLIDO1,APELLIDO2,FECHA_NAC,TLF_CONTACTO,ID_CENTRO)
VALUES (254,'77323847E','Hiroko','Thompson','Davidson','25-03-84',944427293,18);
INSERT INTO USUARIO (ID_USUARIO,DNI,NOMBRE,APELLIDO1,APELLIDO2,FECHA_NAC,TLF_CONTACTO,ID_CENTRO)
VALUES (255,'46665482V','Sybil','Kirk','Sexton','15-03-04',440200972,5);
INSERT INTO USUARIO (ID_USUARIO,DNI,NOMBRE,APELLIDO1,APELLIDO2,FECHA_NAC,TLF_CONTACTO,ID_CENTRO)
VALUES (256,'85675442K','Nicholas','Randolph','Simon','24-08-78',264106180,24);
INSERT INTO USUARIO (ID_USUARIO,DNI,NOMBRE,APELLIDO1,APELLIDO2,FECHA_NAC,TLF_CONTACTO,ID_CENTRO)
VALUES (257,'69842465Y','Lance','Wood','Fox','23-01-97',692269659,12);
INSERT INTO USUARIO (ID_USUARIO,DNI,NOMBRE,APELLIDO1,APELLIDO2,FECHA_NAC,TLF_CONTACTO,ID_CENTRO)
VALUES (258,'63885176Z','Lane','Gross','Davenport','20-01-71',451879499,22);
INSERT INTO USUARIO (ID_USUARIO,DNI,NOMBRE,APELLIDO1,APELLIDO2,FECHA_NAC,TLF_CONTACTO,ID_CENTRO)
VALUES (259,'25832394T','Dieter','Jarvis','Benton','07-12-81',309519207,9);
INSERT INTO USUARIO (ID_USUARIO,DNI,NOMBRE,APELLIDO1,APELLIDO2,FECHA_NAC,TLF_CONTACTO,ID_CENTRO)
VALUES (260,'27669729B','Illana','Velazquez','Brock','24-11-74',406200547,6);
INSERT INTO USUARIO (ID_USUARIO,DNI,NOMBRE,APELLIDO1,APELLIDO2,FECHA_NAC,TLF_CONTACTO,ID_CENTRO)
VALUES (261,'15437323Y','Alden','Jarvis','Glover','29-09-84',674870166,7);
INSERT INTO USUARIO (ID_USUARIO,DNI,NOMBRE,APELLIDO1,APELLIDO2,FECHA_NAC,TLF_CONTACTO,ID_CENTRO)
VALUES (262,'18483398R','Indigo','Atkins','Santana','02-04-94',306955640,16);
INSERT INTO USUARIO (ID_USUARIO,DNI,NOMBRE,APELLIDO1,APELLIDO2,FECHA_NAC,TLF_CONTACTO,ID_CENTRO)
VALUES (263,'76558765Q','Amelia','Smith','Hooper','22-03-02',850915455,21);
INSERT INTO USUARIO (ID_USUARIO,DNI,NOMBRE,APELLIDO1,APELLIDO2,FECHA_NAC,TLF_CONTACTO,ID_CENTRO)
VALUES (264,'82367673H','Imani','Palmer','Bishop','18-07-91',685256327,14);
INSERT INTO USUARIO (ID_USUARIO,DNI,NOMBRE,APELLIDO1,APELLIDO2,FECHA_NAC,TLF_CONTACTO,ID_CENTRO)
VALUES (265,'97567888O','Sebastian','Robertson','Lawson','28-03-75',812243019,5);
INSERT INTO USUARIO (ID_USUARIO,DNI,NOMBRE,APELLIDO1,APELLIDO2,FECHA_NAC,TLF_CONTACTO,ID_CENTRO)
VALUES (266,'65275551O','Halee','Casey','Dalton','16-01-71',965066112,7);
INSERT INTO USUARIO (ID_USUARIO,DNI,NOMBRE,APELLIDO1,APELLIDO2,FECHA_NAC,TLF_CONTACTO,ID_CENTRO)
VALUES (267,'69718493I','Amal','Black','Carter','30-08-82',641769547,11);
INSERT INTO USUARIO (ID_USUARIO,DNI,NOMBRE,APELLIDO1,APELLIDO2,FECHA_NAC,TLF_CONTACTO,ID_CENTRO)
VALUES (268,'46226638Q','Cecilia','Wilkinson','Watkins','05-05-87',547130377,3);
INSERT INTO USUARIO (ID_USUARIO,DNI,NOMBRE,APELLIDO1,APELLIDO2,FECHA_NAC,TLF_CONTACTO,ID_CENTRO)
VALUES (269,'66164334W','Fuller','Church','Hurst','05-03-81',688221379,12);
INSERT INTO USUARIO (ID_USUARIO,DNI,NOMBRE,APELLIDO1,APELLIDO2,FECHA_NAC,TLF_CONTACTO,ID_CENTRO)
VALUES (270,'68526326P','Stone','Hughes','Chase','26-11-01',510949332,21);
INSERT INTO USUARIO (ID_USUARIO,DNI,NOMBRE,APELLIDO1,APELLIDO2,FECHA_NAC,TLF_CONTACTO,ID_CENTRO)
VALUES (271,'35423423P','Halla','Weaver','Delgado','06-12-86',225332526,19);
INSERT INTO USUARIO (ID_USUARIO,DNI,NOMBRE,APELLIDO1,APELLIDO2,FECHA_NAC,TLF_CONTACTO,ID_CENTRO)
VALUES (272,'38363687F','Dane','Wong','Myers','19-09-04',156213367,14);
INSERT INTO USUARIO (ID_USUARIO,DNI,NOMBRE,APELLIDO1,APELLIDO2,FECHA_NAC,TLF_CONTACTO,ID_CENTRO)
VALUES (273,'41253523H','Mollie','Black','Coffey','20-04-83',593937256,3);
INSERT INTO USUARIO (ID_USUARIO,DNI,NOMBRE,APELLIDO1,APELLIDO2,FECHA_NAC,TLF_CONTACTO,ID_CENTRO)
VALUES (274,'76367237X','Berk','Gregory','Bates','16-05-79',142136485,24);
INSERT INTO USUARIO (ID_USUARIO,DNI,NOMBRE,APELLIDO1,APELLIDO2,FECHA_NAC,TLF_CONTACTO,ID_CENTRO)
VALUES (275,'32616321K','John','Hansen','Petersen','21-02-90',566716530,13);
INSERT INTO USUARIO (ID_USUARIO,DNI,NOMBRE,APELLIDO1,APELLIDO2,FECHA_NAC,TLF_CONTACTO,ID_CENTRO)
VALUES (276,'43334128D','Callie','Luna','Yates','06-07-95',191047916,14);
INSERT INTO USUARIO (ID_USUARIO,DNI,NOMBRE,APELLIDO1,APELLIDO2,FECHA_NAC,TLF_CONTACTO,ID_CENTRO)
VALUES (277,'73263573H','Idola','Massey','Hewitt','27-09-99',339063692,20);
INSERT INTO USUARIO (ID_USUARIO,DNI,NOMBRE,APELLIDO1,APELLIDO2,FECHA_NAC,TLF_CONTACTO,ID_CENTRO)
VALUES (278,'99267584E','Tarik','Mcfarland','Harmon','18-09-77',522622047,24);
INSERT INTO USUARIO (ID_USUARIO,DNI,NOMBRE,APELLIDO1,APELLIDO2,FECHA_NAC,TLF_CONTACTO,ID_CENTRO)
VALUES (279,'46632525O','Wang','Ochoa','Hunt','21-06-80',634372944,15);
INSERT INTO USUARIO (ID_USUARIO,DNI,NOMBRE,APELLIDO1,APELLIDO2,FECHA_NAC,TLF_CONTACTO,ID_CENTRO)
VALUES (280,'53757252N','Yetta','Blackwell','Peters','16-02-08',567016083,17);
INSERT INTO USUARIO (ID_USUARIO,DNI,NOMBRE,APELLIDO1,APELLIDO2,FECHA_NAC,TLF_CONTACTO,ID_CENTRO)
VALUES (281,'68348598D','Lael','Morin','Farley','06-05-78',611028029,2);
INSERT INTO USUARIO (ID_USUARIO,DNI,NOMBRE,APELLIDO1,APELLIDO2,FECHA_NAC,TLF_CONTACTO,ID_CENTRO)
VALUES (282,'94499843N','Thomas','Cash','Patrick','10-11-04',187848392,11);
INSERT INTO USUARIO (ID_USUARIO,DNI,NOMBRE,APELLIDO1,APELLIDO2,FECHA_NAC,TLF_CONTACTO,ID_CENTRO)
VALUES (283,'82746244J','Hayes','Saunders','Rich','18-01-71',516663778,2);
INSERT INTO USUARIO (ID_USUARIO,DNI,NOMBRE,APELLIDO1,APELLIDO2,FECHA_NAC,TLF_CONTACTO,ID_CENTRO)
VALUES (284,'84549443I','Xantha','Brock','Shaw','20-11-03',985861042,14);
INSERT INTO USUARIO (ID_USUARIO,DNI,NOMBRE,APELLIDO1,APELLIDO2,FECHA_NAC,TLF_CONTACTO,ID_CENTRO)
VALUES (285,'15882466M','Channing','Morton','Ford','30-11-79',384740108,5);
INSERT INTO USUARIO (ID_USUARIO,DNI,NOMBRE,APELLIDO1,APELLIDO2,FECHA_NAC,TLF_CONTACTO,ID_CENTRO)
VALUES (286,'35867473O','Dale','Pierce','Moore','29-05-95',658473010,12);
INSERT INTO USUARIO (ID_USUARIO,DNI,NOMBRE,APELLIDO1,APELLIDO2,FECHA_NAC,TLF_CONTACTO,ID_CENTRO)
VALUES (287,'45334658P','Zachary','Schroeder','Faulkner','06-05-85',383041771,5);
INSERT INTO USUARIO (ID_USUARIO,DNI,NOMBRE,APELLIDO1,APELLIDO2,FECHA_NAC,TLF_CONTACTO,ID_CENTRO)
VALUES (288,'74933231J','Tamekah','Tyler','Sandoval','20-11-76',467017555,24);
INSERT INTO USUARIO (ID_USUARIO,DNI,NOMBRE,APELLIDO1,APELLIDO2,FECHA_NAC,TLF_CONTACTO,ID_CENTRO)
VALUES (289,'22655783P','Duncan','Santiago','Crane','14-08-78',167475506,12);
INSERT INTO USUARIO (ID_USUARIO,DNI,NOMBRE,APELLIDO1,APELLIDO2,FECHA_NAC,TLF_CONTACTO,ID_CENTRO)
VALUES (290,'16264732Y','Alfreda','Tyson','Kane','29-05-77',706944067,15);
INSERT INTO USUARIO (ID_USUARIO,DNI,NOMBRE,APELLIDO1,APELLIDO2,FECHA_NAC,TLF_CONTACTO,ID_CENTRO)
VALUES (291,'32254984X','Leandra','Sykes','Hunter','03-06-75',468695861,22);
INSERT INTO USUARIO (ID_USUARIO,DNI,NOMBRE,APELLIDO1,APELLIDO2,FECHA_NAC,TLF_CONTACTO,ID_CENTRO)
VALUES (292,'24826286K','Tatiana','Nunez','Patton','06-08-75',471184233,10);
INSERT INTO USUARIO (ID_USUARIO,DNI,NOMBRE,APELLIDO1,APELLIDO2,FECHA_NAC,TLF_CONTACTO,ID_CENTRO)
VALUES (293,'25635346F','Melanie','Justice','Herman','16-02-93',124153931,22);
INSERT INTO USUARIO (ID_USUARIO,DNI,NOMBRE,APELLIDO1,APELLIDO2,FECHA_NAC,TLF_CONTACTO,ID_CENTRO)
VALUES (294,'58134398X','Rachel','Owen','Butler','09-01-89',210278196,22);
INSERT INTO USUARIO (ID_USUARIO,DNI,NOMBRE,APELLIDO1,APELLIDO2,FECHA_NAC,TLF_CONTACTO,ID_CENTRO)
VALUES (295,'37464735O','Evelyn','Bolton','Pickett','06-02-87',980995263,6);
INSERT INTO USUARIO (ID_USUARIO,DNI,NOMBRE,APELLIDO1,APELLIDO2,FECHA_NAC,TLF_CONTACTO,ID_CENTRO)
VALUES (296,'58198987M','Mara','Key','Kim','06-02-81',714864603,16);
INSERT INTO USUARIO (ID_USUARIO,DNI,NOMBRE,APELLIDO1,APELLIDO2,FECHA_NAC,TLF_CONTACTO,ID_CENTRO)
VALUES (297,'84947385U','Shay','Heath','Hoover','08-07-72',661191571,22);
INSERT INTO USUARIO (ID_USUARIO,DNI,NOMBRE,APELLIDO1,APELLIDO2,FECHA_NAC,TLF_CONTACTO,ID_CENTRO)
VALUES (298,'58356435F','Abbot','Hahn','Justice','18-09-91',390480411,16);
INSERT INTO USUARIO (ID_USUARIO,DNI,NOMBRE,APELLIDO1,APELLIDO2,FECHA_NAC,TLF_CONTACTO,ID_CENTRO)
VALUES (299,'46356365P','Jermaine','Levine','Mueller','12-01-87',651562750,3);
INSERT INTO USUARIO (ID_USUARIO,DNI,NOMBRE,APELLIDO1,APELLIDO2,FECHA_NAC,TLF_CONTACTO,ID_CENTRO)
VALUES (300,'76711778W','Mira','Anthony','Glass','12-11-94',897612940,4);


--INSERCION EMPLEADO

INSERT INTO EMPLEADO (ID_EMPLEADO,DNI,NOMBRE,APELLIDO1,APELLIDO2,SALARIO,TLF_CONTACTO,ID_CENTRO)
VALUES (1,'82815199E','Stella','Booker','Roth',4289,618938654,21);
INSERT INTO EMPLEADO (ID_EMPLEADO,DNI,NOMBRE,APELLIDO1,APELLIDO2,SALARIO,TLF_CONTACTO,ID_CENTRO)
VALUES (2,'72628581C','Anjolie','Cooper','Weaver',4429,707345587,1);
INSERT INTO EMPLEADO (ID_EMPLEADO,DNI,NOMBRE,APELLIDO1,APELLIDO2,SALARIO,TLF_CONTACTO,ID_CENTRO)
VALUES (3,'85543846H','Randall','Anderson','Fischer',9312,721591029,8);
INSERT INTO EMPLEADO (ID_EMPLEADO,DNI,NOMBRE,APELLIDO1,APELLIDO2,SALARIO,TLF_CONTACTO,ID_CENTRO)
VALUES (4,'55392200L','Kiara','Wilkerson','Blackburn',3341,691466964,22);
INSERT INTO EMPLEADO (ID_EMPLEADO,DNI,NOMBRE,APELLIDO1,APELLIDO2,SALARIO,TLF_CONTACTO,ID_CENTRO)
VALUES (5,'14328298T','Magee','Hale','Brewer',5578,683551226,5);
INSERT INTO EMPLEADO (ID_EMPLEADO,DNI,NOMBRE,APELLIDO1,APELLIDO2,SALARIO,TLF_CONTACTO,ID_CENTRO)
VALUES (6,'87662275H','Rudyard','Chapman','Hess',8068,636877091,10);
INSERT INTO EMPLEADO (ID_EMPLEADO,DNI,NOMBRE,APELLIDO1,APELLIDO2,SALARIO,TLF_CONTACTO,ID_CENTRO)
VALUES (7,'71627954L','Mari','Peters','French',5884,680148853,18);
INSERT INTO EMPLEADO (ID_EMPLEADO,DNI,NOMBRE,APELLIDO1,APELLIDO2,SALARIO,TLF_CONTACTO,ID_CENTRO)
VALUES (8,'78826017H','Jeremy','Daugherty','Rodriquez',3725,694667209,11);
INSERT INTO EMPLEADO (ID_EMPLEADO,DNI,NOMBRE,APELLIDO1,APELLIDO2,SALARIO,TLF_CONTACTO,ID_CENTRO)
VALUES (9,'94342036F','Dean','Davenport','Vargas',1245,686777047,8);
INSERT INTO EMPLEADO (ID_EMPLEADO,DNI,NOMBRE,APELLIDO1,APELLIDO2,SALARIO,TLF_CONTACTO,ID_CENTRO)
VALUES (10,'76526754P','Devin','Miles','Green',7331,616518237,9);
INSERT INTO EMPLEADO (ID_EMPLEADO,DNI,NOMBRE,APELLIDO1,APELLIDO2,SALARIO,TLF_CONTACTO,ID_CENTRO)
VALUES (11,'31852753H','William','Cochran','Pena',7063,623046592,21);
INSERT INTO EMPLEADO (ID_EMPLEADO,DNI,NOMBRE,APELLIDO1,APELLIDO2,SALARIO,TLF_CONTACTO,ID_CENTRO)
VALUES (12,'63340656F','Kato','Shepard','Huber',1474,613777221,2);
INSERT INTO EMPLEADO (ID_EMPLEADO,DNI,NOMBRE,APELLIDO1,APELLIDO2,SALARIO,TLF_CONTACTO,ID_CENTRO)
VALUES (13,'56541258T','Timon','Knight','Dyer',4790,603364516,17);
INSERT INTO EMPLEADO (ID_EMPLEADO,DNI,NOMBRE,APELLIDO1,APELLIDO2,SALARIO,TLF_CONTACTO,ID_CENTRO)
VALUES (14,'17566746D','Dante','Gaines','Patterson',2483,613203305,3);
INSERT INTO EMPLEADO (ID_EMPLEADO,DNI,NOMBRE,APELLIDO1,APELLIDO2,SALARIO,TLF_CONTACTO,ID_CENTRO)
VALUES (15,'84341178V','Idona','Gilbert','Levy',9497,663640216,7);
INSERT INTO EMPLEADO (ID_EMPLEADO,DNI,NOMBRE,APELLIDO1,APELLIDO2,SALARIO,TLF_CONTACTO,ID_CENTRO)
VALUES (16,'56468121H','Yuli','Murphy','Curtis',6507,627494930,11);
INSERT INTO EMPLEADO (ID_EMPLEADO,DNI,NOMBRE,APELLIDO1,APELLIDO2,SALARIO,TLF_CONTACTO,ID_CENTRO)
VALUES (17,'56674189Q','Alexandra','Cortez','Savage',5906,696412566,11);
INSERT INTO EMPLEADO (ID_EMPLEADO,DNI,NOMBRE,APELLIDO1,APELLIDO2,SALARIO,TLF_CONTACTO,ID_CENTRO)
VALUES (18,'21281587U','McKenzie','Franco','Phelps',5673,641965567,18);
INSERT INTO EMPLEADO (ID_EMPLEADO,DNI,NOMBRE,APELLIDO1,APELLIDO2,SALARIO,TLF_CONTACTO,ID_CENTRO)
VALUES (19,'36833287K','Cameron','Daugherty','Colon',3684,665465799,4);
INSERT INTO EMPLEADO (ID_EMPLEADO,DNI,NOMBRE,APELLIDO1,APELLIDO2,SALARIO,TLF_CONTACTO,ID_CENTRO)
VALUES (20,'47911696V','Fulton','Duke','Hawkins',5877,679535215,8);
INSERT INTO EMPLEADO (ID_EMPLEADO,DNI,NOMBRE,APELLIDO1,APELLIDO2,SALARIO,TLF_CONTACTO,ID_CENTRO)
VALUES (21,'23393835H','Hu','Yates','Mullins',8667,685546834,20);
INSERT INTO EMPLEADO (ID_EMPLEADO,DNI,NOMBRE,APELLIDO1,APELLIDO2,SALARIO,TLF_CONTACTO,ID_CENTRO)
VALUES (22,'54440846W','Nita','Jarvis','Lindsay',5688,628069216,10);
INSERT INTO EMPLEADO (ID_EMPLEADO,DNI,NOMBRE,APELLIDO1,APELLIDO2,SALARIO,TLF_CONTACTO,ID_CENTRO)
VALUES (23,'82177645M','Lyle','James','Mcclain',2459,719109715,3);
INSERT INTO EMPLEADO (ID_EMPLEADO,DNI,NOMBRE,APELLIDO1,APELLIDO2,SALARIO,TLF_CONTACTO,ID_CENTRO)
VALUES (24,'45035183I','Leilani','Camacho','Villarreal',3685,625645988,16);
INSERT INTO EMPLEADO (ID_EMPLEADO,DNI,NOMBRE,APELLIDO1,APELLIDO2,SALARIO,TLF_CONTACTO,ID_CENTRO)
VALUES (25,'62367383X','Leo','Fuentes','Jordan',8996,703754990,15);
INSERT INTO EMPLEADO (ID_EMPLEADO,DNI,NOMBRE,APELLIDO1,APELLIDO2,SALARIO,TLF_CONTACTO,ID_CENTRO,ID_JEFE)
VALUES (26,'96301229J','Craig','Melton','Mcmahon',2411,619906068,12,20);
INSERT INTO EMPLEADO (ID_EMPLEADO,DNI,NOMBRE,APELLIDO1,APELLIDO2,SALARIO,TLF_CONTACTO,ID_CENTRO,ID_JEFE)
VALUES (27,'75280332T','Lance','Horn','Clements',5520,706544307,20,6);
INSERT INTO EMPLEADO (ID_EMPLEADO,DNI,NOMBRE,APELLIDO1,APELLIDO2,SALARIO,TLF_CONTACTO,ID_CENTRO,ID_JEFE)
VALUES (28,'82519769W','Chadwick','Peterson','Brock',3964,605643292,20,25);
INSERT INTO EMPLEADO (ID_EMPLEADO,DNI,NOMBRE,APELLIDO1,APELLIDO2,SALARIO,TLF_CONTACTO,ID_CENTRO,ID_JEFE)
VALUES (29,'42348271U','Yetta','Armstrong','Hutchinson',2996,608338857,10,9);
INSERT INTO EMPLEADO (ID_EMPLEADO,DNI,NOMBRE,APELLIDO1,APELLIDO2,SALARIO,TLF_CONTACTO,ID_CENTRO,ID_JEFE)
VALUES (30,'22915168K','Ann','Alford','Tate',1425,632718439,22,3);
INSERT INTO EMPLEADO (ID_EMPLEADO,DNI,NOMBRE,APELLIDO1,APELLIDO2,SALARIO,TLF_CONTACTO,ID_CENTRO,ID_JEFE)
VALUES (31,'12018138U','Blossom','Campbell','Callahan',3727,723235890,13,14);
INSERT INTO EMPLEADO (ID_EMPLEADO,DNI,NOMBRE,APELLIDO1,APELLIDO2,SALARIO,TLF_CONTACTO,ID_CENTRO,ID_JEFE)
VALUES (32,'08773387Y','Neve','Garner','Dominguez',3004,668892028,16,19);
INSERT INTO EMPLEADO (ID_EMPLEADO,DNI,NOMBRE,APELLIDO1,APELLIDO2,SALARIO,TLF_CONTACTO,ID_CENTRO,ID_JEFE)
VALUES (33,'14686543J','Fritz','Levine','Bradshaw',8432,705658454,14,8);
INSERT INTO EMPLEADO (ID_EMPLEADO,DNI,NOMBRE,APELLIDO1,APELLIDO2,SALARIO,TLF_CONTACTO,ID_CENTRO,ID_JEFE)
VALUES (34,'58679889C','Kathleen','James','Compton',7708,662116341,21,10);
INSERT INTO EMPLEADO (ID_EMPLEADO,DNI,NOMBRE,APELLIDO1,APELLIDO2,SALARIO,TLF_CONTACTO,ID_CENTRO,ID_JEFE)
VALUES (35,'44071397R','Kareem','Lindsay','Zamora',4076,619005158,20,14);
INSERT INTO EMPLEADO (ID_EMPLEADO,DNI,NOMBRE,APELLIDO1,APELLIDO2,SALARIO,TLF_CONTACTO,ID_CENTRO,ID_JEFE)
VALUES (36,'75143625I','Jessamine','Foster','Bonner',4234,654399695,11,6);
INSERT INTO EMPLEADO (ID_EMPLEADO,DNI,NOMBRE,APELLIDO1,APELLIDO2,SALARIO,TLF_CONTACTO,ID_CENTRO,ID_JEFE)
VALUES (37,'71509115L','Rafael','Hubbard','Carroll',8914,644932538,15,3);
INSERT INTO EMPLEADO (ID_EMPLEADO,DNI,NOMBRE,APELLIDO1,APELLIDO2,SALARIO,TLF_CONTACTO,ID_CENTRO,ID_JEFE)
VALUES (38,'94855772T','Simon','Elliott','Floyd',4585,679512688,4,15);
INSERT INTO EMPLEADO (ID_EMPLEADO,DNI,NOMBRE,APELLIDO1,APELLIDO2,SALARIO,TLF_CONTACTO,ID_CENTRO,ID_JEFE)
VALUES (39,'34538144E','Nathan','Maxwell','Cherry',4936,721532846,18,14);
INSERT INTO EMPLEADO (ID_EMPLEADO,DNI,NOMBRE,APELLIDO1,APELLIDO2,SALARIO,TLF_CONTACTO,ID_CENTRO,ID_JEFE)
VALUES (40,'56821474M','Dominique','Serrano','Lowe',7766,698987692,15,12);
INSERT INTO EMPLEADO (ID_EMPLEADO,DNI,NOMBRE,APELLIDO1,APELLIDO2,SALARIO,TLF_CONTACTO,ID_CENTRO,ID_JEFE)
VALUES (41,'88274531F','Elijah','Bartlett','Cochran',2740,622472617,2,20);
INSERT INTO EMPLEADO (ID_EMPLEADO,DNI,NOMBRE,APELLIDO1,APELLIDO2,SALARIO,TLF_CONTACTO,ID_CENTRO,ID_JEFE)
VALUES (42,'38539377X','Cecilia','Carrillo','Ross',2481,709222291,13,7);
INSERT INTO EMPLEADO (ID_EMPLEADO,DNI,NOMBRE,APELLIDO1,APELLIDO2,SALARIO,TLF_CONTACTO,ID_CENTRO,ID_JEFE)
VALUES (43,'34846837R','Solomon','Jarvis','Roy',7076,617974951,17,14);
INSERT INTO EMPLEADO (ID_EMPLEADO,DNI,NOMBRE,APELLIDO1,APELLIDO2,SALARIO,TLF_CONTACTO,ID_CENTRO,ID_JEFE)
VALUES (44,'52903074R','Kaye','Rosa','Wise',2348,715093021,17,19);
INSERT INTO EMPLEADO (ID_EMPLEADO,DNI,NOMBRE,APELLIDO1,APELLIDO2,SALARIO,TLF_CONTACTO,ID_CENTRO,ID_JEFE)
VALUES (45,'80196524L','Lucy','Pena','Sargent',9248,658861544,1,3);
INSERT INTO EMPLEADO (ID_EMPLEADO,DNI,NOMBRE,APELLIDO1,APELLIDO2,SALARIO,TLF_CONTACTO,ID_CENTRO,ID_JEFE)
VALUES (46,'37525497C','Bevis','Glover','Barrera',3670,633547713,6,12);
INSERT INTO EMPLEADO (ID_EMPLEADO,DNI,NOMBRE,APELLIDO1,APELLIDO2,SALARIO,TLF_CONTACTO,ID_CENTRO,ID_JEFE)
VALUES (47,'38402746L','Dorian','Hoffman','Mcmillan',3651,625062749,19,9);
INSERT INTO EMPLEADO (ID_EMPLEADO,DNI,NOMBRE,APELLIDO1,APELLIDO2,SALARIO,TLF_CONTACTO,ID_CENTRO,ID_JEFE)
VALUES (48,'13478467S','Ulysses','Kelly','Mclean',1416,673334101,15,15);
INSERT INTO EMPLEADO (ID_EMPLEADO,DNI,NOMBRE,APELLIDO1,APELLIDO2,SALARIO,TLF_CONTACTO,ID_CENTRO,ID_JEFE)
VALUES (49,'56172754U','Nehru','Pierce','Skinner',9247,637207386,17,3);
INSERT INTO EMPLEADO (ID_EMPLEADO,DNI,NOMBRE,APELLIDO1,APELLIDO2,SALARIO,TLF_CONTACTO,ID_CENTRO,ID_JEFE)
VALUES (50,'95397151D','Regan','Bauer','Zimmerman',2624,660797736,8,8);
INSERT INTO EMPLEADO (ID_EMPLEADO,DNI,NOMBRE,APELLIDO1,APELLIDO2,SALARIO,TLF_CONTACTO,ID_CENTRO,ID_JEFE)
VALUES (51,'77379080O','Shafira','Clark','Zimmerman',6540,655682243,17,18);
INSERT INTO EMPLEADO (ID_EMPLEADO,DNI,NOMBRE,APELLIDO1,APELLIDO2,SALARIO,TLF_CONTACTO,ID_CENTRO,ID_JEFE)
VALUES (52,'65351682O','Orson','Colon','Livingston',6122,701705588,15,12);
INSERT INTO EMPLEADO (ID_EMPLEADO,DNI,NOMBRE,APELLIDO1,APELLIDO2,SALARIO,TLF_CONTACTO,ID_CENTRO,ID_JEFE)
VALUES (53,'43512533B','Jarrod','Hatfield','Hamilton',2116,710552599,19,5);
INSERT INTO EMPLEADO (ID_EMPLEADO,DNI,NOMBRE,APELLIDO1,APELLIDO2,SALARIO,TLF_CONTACTO,ID_CENTRO,ID_JEFE)
VALUES (54,'68887863P','Shay','Peters','Day',5223,682339540,9,5);
INSERT INTO EMPLEADO (ID_EMPLEADO,DNI,NOMBRE,APELLIDO1,APELLIDO2,SALARIO,TLF_CONTACTO,ID_CENTRO,ID_JEFE)
VALUES (55,'68861116P','Abigail','Phelps','Brooks',7778,660953849,18,17);
INSERT INTO EMPLEADO (ID_EMPLEADO,DNI,NOMBRE,APELLIDO1,APELLIDO2,SALARIO,TLF_CONTACTO,ID_CENTRO,ID_JEFE)
VALUES (56,'31268262B','Angela','Barlow','Conley',6835,605795507,1,7);
INSERT INTO EMPLEADO (ID_EMPLEADO,DNI,NOMBRE,APELLIDO1,APELLIDO2,SALARIO,TLF_CONTACTO,ID_CENTRO,ID_JEFE)
VALUES (57,'35861008P','Iris','Maynard','Lester',8337,689195927,17,10);
INSERT INTO EMPLEADO (ID_EMPLEADO,DNI,NOMBRE,APELLIDO1,APELLIDO2,SALARIO,TLF_CONTACTO,ID_CENTRO,ID_JEFE)
VALUES (58,'53572451E','Lucius','Holloway','Wall',4696,636839913,23,17);
INSERT INTO EMPLEADO (ID_EMPLEADO,DNI,NOMBRE,APELLIDO1,APELLIDO2,SALARIO,TLF_CONTACTO,ID_CENTRO,ID_JEFE)
VALUES (59,'12327436Y','Chase','Walsh','French',6493,725588394,7,17);
INSERT INTO EMPLEADO (ID_EMPLEADO,DNI,NOMBRE,APELLIDO1,APELLIDO2,SALARIO,TLF_CONTACTO,ID_CENTRO,ID_JEFE)
VALUES (60,'11439432E','Yvette','Evans','Yang',9871,638679062,5,14);
INSERT INTO EMPLEADO (ID_EMPLEADO,DNI,NOMBRE,APELLIDO1,APELLIDO2,SALARIO,TLF_CONTACTO,ID_CENTRO,ID_JEFE)
VALUES (61,'43443333K','Bevis','Mann','Cunningham',2759,725775806,17,18);
INSERT INTO EMPLEADO (ID_EMPLEADO,DNI,NOMBRE,APELLIDO1,APELLIDO2,SALARIO,TLF_CONTACTO,ID_CENTRO,ID_JEFE)
VALUES (62,'41909664H','Damian','Donovan','Wiggins',2264,667969584,17,11);
INSERT INTO EMPLEADO (ID_EMPLEADO,DNI,NOMBRE,APELLIDO1,APELLIDO2,SALARIO,TLF_CONTACTO,ID_CENTRO,ID_JEFE)
VALUES (63,'10283631R','Kellie','Hill','Dickerson',5195,682654161,14,10);
INSERT INTO EMPLEADO (ID_EMPLEADO,DNI,NOMBRE,APELLIDO1,APELLIDO2,SALARIO,TLF_CONTACTO,ID_CENTRO,ID_JEFE)
VALUES (64,'90218341Z','John','Potter','Cain',8242,651125908,18,17);
INSERT INTO EMPLEADO (ID_EMPLEADO,DNI,NOMBRE,APELLIDO1,APELLIDO2,SALARIO,TLF_CONTACTO,ID_CENTRO,ID_JEFE)
VALUES (65,'22622444B','Barbara','Guthrie','Alford',6292,614797736,6,19);
INSERT INTO EMPLEADO (ID_EMPLEADO,DNI,NOMBRE,APELLIDO1,APELLIDO2,SALARIO,TLF_CONTACTO,ID_CENTRO,ID_JEFE)
VALUES (66,'12743259X','Amber','Villarreal','Rivera',8917,722225867,15,23);
INSERT INTO EMPLEADO (ID_EMPLEADO,DNI,NOMBRE,APELLIDO1,APELLIDO2,SALARIO,TLF_CONTACTO,ID_CENTRO,ID_JEFE)
VALUES (67,'24625913E','Sylvester','Cantrell','Kidd',6381,707960338,4,8);
INSERT INTO EMPLEADO (ID_EMPLEADO,DNI,NOMBRE,APELLIDO1,APELLIDO2,SALARIO,TLF_CONTACTO,ID_CENTRO,ID_JEFE)
VALUES (68,'20177831T','Kelsey','Morris','Page',4368,623654459,2,2);
INSERT INTO EMPLEADO (ID_EMPLEADO,DNI,NOMBRE,APELLIDO1,APELLIDO2,SALARIO,TLF_CONTACTO,ID_CENTRO,ID_JEFE)
VALUES (69,'37895602E','Zachary','Rose','Soto',1665,608460283,20,7);
INSERT INTO EMPLEADO (ID_EMPLEADO,DNI,NOMBRE,APELLIDO1,APELLIDO2,SALARIO,TLF_CONTACTO,ID_CENTRO,ID_JEFE)
VALUES (70,'18501462U','Bianca','Ward','Deleon',1703,724071002,22,19);
INSERT INTO EMPLEADO (ID_EMPLEADO,DNI,NOMBRE,APELLIDO1,APELLIDO2,SALARIO,TLF_CONTACTO,ID_CENTRO,ID_JEFE)
VALUES (71,'23213226K','Kasimir','Dixon','Summers',5045,627194385,9,21);
INSERT INTO EMPLEADO (ID_EMPLEADO,DNI,NOMBRE,APELLIDO1,APELLIDO2,SALARIO,TLF_CONTACTO,ID_CENTRO,ID_JEFE)
VALUES (72,'32717536X','Nero','Hooper','Sanchez',6910,678190692,10,9);
INSERT INTO EMPLEADO (ID_EMPLEADO,DNI,NOMBRE,APELLIDO1,APELLIDO2,SALARIO,TLF_CONTACTO,ID_CENTRO,ID_JEFE)
VALUES (73,'10885466S','Lars','Ferguson','Hardin',4562,684749643,22,16);
INSERT INTO EMPLEADO (ID_EMPLEADO,DNI,NOMBRE,APELLIDO1,APELLIDO2,SALARIO,TLF_CONTACTO,ID_CENTRO,ID_JEFE)
VALUES (74,'77134373K','Madonna','Vinson','Mcfadden',4026,714410224,4,18);
INSERT INTO EMPLEADO (ID_EMPLEADO,DNI,NOMBRE,APELLIDO1,APELLIDO2,SALARIO,TLF_CONTACTO,ID_CENTRO,ID_JEFE)
VALUES (75,'93825844E','Alfreda','Baxter','Mullen',9364,647087097,20,23);
INSERT INTO EMPLEADO (ID_EMPLEADO,DNI,NOMBRE,APELLIDO1,APELLIDO2,SALARIO,TLF_CONTACTO,ID_CENTRO,ID_JEFE)
VALUES (76,'48130547S','Raymond','Kirby','Ashley',4191,684109948,8,6);
INSERT INTO EMPLEADO (ID_EMPLEADO,DNI,NOMBRE,APELLIDO1,APELLIDO2,SALARIO,TLF_CONTACTO,ID_CENTRO,ID_JEFE)
VALUES (77,'47842214B','Adara','Branch','Avila',6211,672295352,8,20);
INSERT INTO EMPLEADO (ID_EMPLEADO,DNI,NOMBRE,APELLIDO1,APELLIDO2,SALARIO,TLF_CONTACTO,ID_CENTRO,ID_JEFE)
VALUES (78,'50152447C','Shad','Herring','Mcneil',2843,624534537,14,15);
INSERT INTO EMPLEADO (ID_EMPLEADO,DNI,NOMBRE,APELLIDO1,APELLIDO2,SALARIO,TLF_CONTACTO,ID_CENTRO,ID_JEFE)
VALUES (79,'37239165V','Amir','Harding','Bishop',7910,610566785,15,18);
INSERT INTO EMPLEADO (ID_EMPLEADO,DNI,NOMBRE,APELLIDO1,APELLIDO2,SALARIO,TLF_CONTACTO,ID_CENTRO,ID_JEFE)
VALUES (80,'89440089B','Armando','Best','Snider',5542,722797870,13,9);
INSERT INTO EMPLEADO (ID_EMPLEADO,DNI,NOMBRE,APELLIDO1,APELLIDO2,SALARIO,TLF_CONTACTO,ID_CENTRO,ID_JEFE)
VALUES (81,'31752696M','Octavius','Underwood','Madden',1976,611281701,12,6);
INSERT INTO EMPLEADO (ID_EMPLEADO,DNI,NOMBRE,APELLIDO1,APELLIDO2,SALARIO,TLF_CONTACTO,ID_CENTRO,ID_JEFE)
VALUES (82,'91977285S','Grant','Holcomb','Crane',1905,617998776,20,2);
INSERT INTO EMPLEADO (ID_EMPLEADO,DNI,NOMBRE,APELLIDO1,APELLIDO2,SALARIO,TLF_CONTACTO,ID_CENTRO,ID_JEFE)
VALUES (83,'48234722K','Alma','Rowland','Spence',1618,628417351,24,18);
INSERT INTO EMPLEADO (ID_EMPLEADO,DNI,NOMBRE,APELLIDO1,APELLIDO2,SALARIO,TLF_CONTACTO,ID_CENTRO,ID_JEFE)
VALUES (84,'67037547Q','Wynter','Berg','Figueroa',7282,656895123,14,21);
INSERT INTO EMPLEADO (ID_EMPLEADO,DNI,NOMBRE,APELLIDO1,APELLIDO2,SALARIO,TLF_CONTACTO,ID_CENTRO,ID_JEFE)
VALUES (85,'51213247O','Ruby','William','Goodwin',6725,673140686,7,21);
INSERT INTO EMPLEADO (ID_EMPLEADO,DNI,NOMBRE,APELLIDO1,APELLIDO2,SALARIO,TLF_CONTACTO,ID_CENTRO,ID_JEFE)
VALUES (86,'09344036I','Jillian','Kinney','Guzman',5640,682339314,20,9);
INSERT INTO EMPLEADO (ID_EMPLEADO,DNI,NOMBRE,APELLIDO1,APELLIDO2,SALARIO,TLF_CONTACTO,ID_CENTRO,ID_JEFE)
VALUES (87,'28122361A','Deacon','Miranda','Kerr',5768,659441547,7,25);
INSERT INTO EMPLEADO (ID_EMPLEADO,DNI,NOMBRE,APELLIDO1,APELLIDO2,SALARIO,TLF_CONTACTO,ID_CENTRO,ID_JEFE)
VALUES (88,'29301862H','Robert','Sweeney','Rosales',3919,616309987,24,6);
INSERT INTO EMPLEADO (ID_EMPLEADO,DNI,NOMBRE,APELLIDO1,APELLIDO2,SALARIO,TLF_CONTACTO,ID_CENTRO,ID_JEFE)
VALUES (89,'64903417F','Seth','Burns','Navarro',4181,677939602,3,3);
INSERT INTO EMPLEADO (ID_EMPLEADO,DNI,NOMBRE,APELLIDO1,APELLIDO2,SALARIO,TLF_CONTACTO,ID_CENTRO,ID_JEFE)
VALUES (90,'16289992D','Murphy','Atkinson','Bray',4055,670827502,1,8);
INSERT INTO EMPLEADO (ID_EMPLEADO,DNI,NOMBRE,APELLIDO1,APELLIDO2,SALARIO,TLF_CONTACTO,ID_CENTRO,ID_JEFE)
VALUES (91,'83224576T','Ashton','Carson','Tucker',9164,705293749,15,17);
INSERT INTO EMPLEADO (ID_EMPLEADO,DNI,NOMBRE,APELLIDO1,APELLIDO2,SALARIO,TLF_CONTACTO,ID_CENTRO,ID_JEFE)
VALUES (92,'17416922N','Velma','Cohen','Rice',4722,728490691,15,10);
INSERT INTO EMPLEADO (ID_EMPLEADO,DNI,NOMBRE,APELLIDO1,APELLIDO2,SALARIO,TLF_CONTACTO,ID_CENTRO,ID_JEFE)
VALUES (93,'41931929X','Adria','Dodson','Rosales',6879,705197765,20,24);
INSERT INTO EMPLEADO (ID_EMPLEADO,DNI,NOMBRE,APELLIDO1,APELLIDO2,SALARIO,TLF_CONTACTO,ID_CENTRO,ID_JEFE)
VALUES (94,'74659175H','Dora','Camacho','Whitaker',6294,728960127,16,17);
INSERT INTO EMPLEADO (ID_EMPLEADO,DNI,NOMBRE,APELLIDO1,APELLIDO2,SALARIO,TLF_CONTACTO,ID_CENTRO,ID_JEFE)
VALUES (95,'67116972S','Elton','Carrillo','Briggs',4735,724077792,8,18);
INSERT INTO EMPLEADO (ID_EMPLEADO,DNI,NOMBRE,APELLIDO1,APELLIDO2,SALARIO,TLF_CONTACTO,ID_CENTRO,ID_JEFE)
VALUES (96,'99832504J','Jack','Webb','Ryan',8425,668851787,11,13);
INSERT INTO EMPLEADO (ID_EMPLEADO,DNI,NOMBRE,APELLIDO1,APELLIDO2,SALARIO,TLF_CONTACTO,ID_CENTRO,ID_JEFE)
VALUES (97,'95475835E','Illana','Harris','Hess',4323,611919239,7,5);
INSERT INTO EMPLEADO (ID_EMPLEADO,DNI,NOMBRE,APELLIDO1,APELLIDO2,SALARIO,TLF_CONTACTO,ID_CENTRO,ID_JEFE)
VALUES (98,'84662822X','Hiram','Farrell','Gross',5853,604790441,16,15);
INSERT INTO EMPLEADO (ID_EMPLEADO,DNI,NOMBRE,APELLIDO1,APELLIDO2,SALARIO,TLF_CONTACTO,ID_CENTRO,ID_JEFE)
VALUES (99,'55782547Q','Samson','Ferrell','Deleon',8362,605703078,7,15);
INSERT INTO EMPLEADO (ID_EMPLEADO,DNI,NOMBRE,APELLIDO1,APELLIDO2,SALARIO,TLF_CONTACTO,ID_CENTRO,ID_JEFE)
VALUES (100,'67721338A','Todd','Rocha','Wilder',7955,645262916,14,24);
INSERT INTO EMPLEADO (ID_EMPLEADO,DNI,NOMBRE,APELLIDO1,APELLIDO2,SALARIO,TLF_CONTACTO,ID_CENTRO,ID_JEFE)
VALUES (101,'27506435U','Tatiana','Farmer','Riggs',9865,685410540,3,3);
INSERT INTO EMPLEADO (ID_EMPLEADO,DNI,NOMBRE,APELLIDO1,APELLIDO2,SALARIO,TLF_CONTACTO,ID_CENTRO,ID_JEFE)
VALUES (102,'68147434Y','Jorden','Walton','Rosales',2798,649199406,11,22);
INSERT INTO EMPLEADO (ID_EMPLEADO,DNI,NOMBRE,APELLIDO1,APELLIDO2,SALARIO,TLF_CONTACTO,ID_CENTRO,ID_JEFE)
VALUES (103,'50425177L','Patrick','Watkins','Campbell',8674,615544515,2,15);
INSERT INTO EMPLEADO (ID_EMPLEADO,DNI,NOMBRE,APELLIDO1,APELLIDO2,SALARIO,TLF_CONTACTO,ID_CENTRO,ID_JEFE)
VALUES (104,'49662267Z','Kermit','Larson','Wilkins',5560,669927808,16,16);
INSERT INTO EMPLEADO (ID_EMPLEADO,DNI,NOMBRE,APELLIDO1,APELLIDO2,SALARIO,TLF_CONTACTO,ID_CENTRO,ID_JEFE)
VALUES (105,'30246227R','Forrest','Cantu','Combs',5112,720673514,14,2);
INSERT INTO EMPLEADO (ID_EMPLEADO,DNI,NOMBRE,APELLIDO1,APELLIDO2,SALARIO,TLF_CONTACTO,ID_CENTRO,ID_JEFE)
VALUES (106,'87481215H','Byron','Branch','Patton',2078,655363516,16,25);
INSERT INTO EMPLEADO (ID_EMPLEADO,DNI,NOMBRE,APELLIDO1,APELLIDO2,SALARIO,TLF_CONTACTO,ID_CENTRO,ID_JEFE)
VALUES (107,'63465189J','September','Joyce','Buck',8900,633334290,16,10);
INSERT INTO EMPLEADO (ID_EMPLEADO,DNI,NOMBRE,APELLIDO1,APELLIDO2,SALARIO,TLF_CONTACTO,ID_CENTRO,ID_JEFE)
VALUES (108,'83458014D','Avram','Mayo','Booth',8296,729206411,15,10);
INSERT INTO EMPLEADO (ID_EMPLEADO,DNI,NOMBRE,APELLIDO1,APELLIDO2,SALARIO,TLF_CONTACTO,ID_CENTRO,ID_JEFE)
VALUES (109,'48856386Q','Armando','West','Pierce',2195,669577208,6,18);
INSERT INTO EMPLEADO (ID_EMPLEADO,DNI,NOMBRE,APELLIDO1,APELLIDO2,SALARIO,TLF_CONTACTO,ID_CENTRO,ID_JEFE)
VALUES (110,'74461067D','Angelica','Johnston','Ferrell',5086,725482093,12,24);
INSERT INTO EMPLEADO (ID_EMPLEADO,DNI,NOMBRE,APELLIDO1,APELLIDO2,SALARIO,TLF_CONTACTO,ID_CENTRO,ID_JEFE)
VALUES (111,'41773336H','Eugenia','Pierce','Gordon',8318,695140915,15,16);
INSERT INTO EMPLEADO (ID_EMPLEADO,DNI,NOMBRE,APELLIDO1,APELLIDO2,SALARIO,TLF_CONTACTO,ID_CENTRO,ID_JEFE)
VALUES (112,'42734431B','Yuri','Owens','Haynes',2833,686924829,3,24);
INSERT INTO EMPLEADO (ID_EMPLEADO,DNI,NOMBRE,APELLIDO1,APELLIDO2,SALARIO,TLF_CONTACTO,ID_CENTRO,ID_JEFE)
VALUES (113,'02637114R','Quyn','Rocha','Patton',5391,622054484,8,17);
INSERT INTO EMPLEADO (ID_EMPLEADO,DNI,NOMBRE,APELLIDO1,APELLIDO2,SALARIO,TLF_CONTACTO,ID_CENTRO,ID_JEFE)
VALUES (114,'54607191P','Yardley','Allison','Burton',1706,710143035,2,9);
INSERT INTO EMPLEADO (ID_EMPLEADO,DNI,NOMBRE,APELLIDO1,APELLIDO2,SALARIO,TLF_CONTACTO,ID_CENTRO,ID_JEFE)
VALUES (115,'67769747Q','Leah','Rodriguez','Reyes',5428,653036369,12,8);
INSERT INTO EMPLEADO (ID_EMPLEADO,DNI,NOMBRE,APELLIDO1,APELLIDO2,SALARIO,TLF_CONTACTO,ID_CENTRO,ID_JEFE)
VALUES (116,'42312216H','Kiayada','Knowles','Lawrence',7082,662797052,5,10);
INSERT INTO EMPLEADO (ID_EMPLEADO,DNI,NOMBRE,APELLIDO1,APELLIDO2,SALARIO,TLF_CONTACTO,ID_CENTRO,ID_JEFE)
VALUES (117,'36068561T','Sawyer','Delaney','Olsen',9674,645587000,24,18);
INSERT INTO EMPLEADO (ID_EMPLEADO,DNI,NOMBRE,APELLIDO1,APELLIDO2,SALARIO,TLF_CONTACTO,ID_CENTRO,ID_JEFE)
VALUES (118,'46386381C','Maggy','Douglas','Garza',6931,721195043,22,5);
INSERT INTO EMPLEADO (ID_EMPLEADO,DNI,NOMBRE,APELLIDO1,APELLIDO2,SALARIO,TLF_CONTACTO,ID_CENTRO,ID_JEFE)
VALUES (119,'61232266I','Alvin','Rivas','Talley',1700,713486919,11,23);
INSERT INTO EMPLEADO (ID_EMPLEADO,DNI,NOMBRE,APELLIDO1,APELLIDO2,SALARIO,TLF_CONTACTO,ID_CENTRO,ID_JEFE)
VALUES (120,'58615347S','Flynn','Whitney','Bolton',7152,674524933,2,17);
INSERT INTO EMPLEADO (ID_EMPLEADO,DNI,NOMBRE,APELLIDO1,APELLIDO2,SALARIO,TLF_CONTACTO,ID_CENTRO,ID_JEFE)
VALUES (121,'86329436W','Carter','Armstrong','Mcfadden',8200,657087075,18,4);
INSERT INTO EMPLEADO (ID_EMPLEADO,DNI,NOMBRE,APELLIDO1,APELLIDO2,SALARIO,TLF_CONTACTO,ID_CENTRO,ID_JEFE)
VALUES (122,'68330712J','Teegan','Foreman','Rush',2970,676530555,4,5);
INSERT INTO EMPLEADO (ID_EMPLEADO,DNI,NOMBRE,APELLIDO1,APELLIDO2,SALARIO,TLF_CONTACTO,ID_CENTRO,ID_JEFE)
VALUES (123,'82865764T','Kareem','Durham','White',8681,706194741,3,19);
INSERT INTO EMPLEADO (ID_EMPLEADO,DNI,NOMBRE,APELLIDO1,APELLIDO2,SALARIO,TLF_CONTACTO,ID_CENTRO,ID_JEFE)
VALUES (124,'59812631M','Marsden','Mcknight','Mercado',1514,654095264,14,20);
INSERT INTO EMPLEADO (ID_EMPLEADO,DNI,NOMBRE,APELLIDO1,APELLIDO2,SALARIO,TLF_CONTACTO,ID_CENTRO,ID_JEFE)
VALUES (125,'05338157N','Merritt','Hardin','Dominguez',5389,613154288,11,12);
INSERT INTO EMPLEADO (ID_EMPLEADO,DNI,NOMBRE,APELLIDO1,APELLIDO2,SALARIO,TLF_CONTACTO,ID_CENTRO,ID_JEFE)
VALUES (126,'84831964L','Lila','Matthews','Lopez',6439,616304054,17,6);
INSERT INTO EMPLEADO (ID_EMPLEADO,DNI,NOMBRE,APELLIDO1,APELLIDO2,SALARIO,TLF_CONTACTO,ID_CENTRO,ID_JEFE)
VALUES (127,'88513526X','Edan','Carr','Wilkinson',2257,702766305,24,12);
INSERT INTO EMPLEADO (ID_EMPLEADO,DNI,NOMBRE,APELLIDO1,APELLIDO2,SALARIO,TLF_CONTACTO,ID_CENTRO,ID_JEFE)
VALUES (128,'25184827X','Odessa','Mcdowell','Melendez',1336,609645249,21,11);
INSERT INTO EMPLEADO (ID_EMPLEADO,DNI,NOMBRE,APELLIDO1,APELLIDO2,SALARIO,TLF_CONTACTO,ID_CENTRO,ID_JEFE)
VALUES (129,'20054263Q','Adrian','Mooney','Zimmerman',7037,634657971,10,1);
INSERT INTO EMPLEADO (ID_EMPLEADO,DNI,NOMBRE,APELLIDO1,APELLIDO2,SALARIO,TLF_CONTACTO,ID_CENTRO,ID_JEFE)
VALUES (130,'87673651D','Uma','Burgess','Solomon',9606,702041826,20,11);
INSERT INTO EMPLEADO (ID_EMPLEADO,DNI,NOMBRE,APELLIDO1,APELLIDO2,SALARIO,TLF_CONTACTO,ID_CENTRO,ID_JEFE)
VALUES (131,'84306487A','Janna','Delacruz','Sutton',3482,619296118,20,21);
INSERT INTO EMPLEADO (ID_EMPLEADO,DNI,NOMBRE,APELLIDO1,APELLIDO2,SALARIO,TLF_CONTACTO,ID_CENTRO,ID_JEFE)
VALUES (132,'12673726C','Xandra','Reese','Leach',1306,673813861,2,1);
INSERT INTO EMPLEADO (ID_EMPLEADO,DNI,NOMBRE,APELLIDO1,APELLIDO2,SALARIO,TLF_CONTACTO,ID_CENTRO,ID_JEFE)
VALUES (133,'31311528U','Armando','Martin','King',6853,696756794,11,7);
INSERT INTO EMPLEADO (ID_EMPLEADO,DNI,NOMBRE,APELLIDO1,APELLIDO2,SALARIO,TLF_CONTACTO,ID_CENTRO,ID_JEFE)
VALUES (134,'18619188L','Farrah','Evans','David',6244,679847774,5,16);
INSERT INTO EMPLEADO (ID_EMPLEADO,DNI,NOMBRE,APELLIDO1,APELLIDO2,SALARIO,TLF_CONTACTO,ID_CENTRO,ID_JEFE)
VALUES (135,'50356423Z','Mark','Mcneil','Cortez',8121,680246952,9,8);
INSERT INTO EMPLEADO (ID_EMPLEADO,DNI,NOMBRE,APELLIDO1,APELLIDO2,SALARIO,TLF_CONTACTO,ID_CENTRO,ID_JEFE)
VALUES (136,'66524922Q','Guinevere','Buckner','Snow',7723,705240887,12,7);
INSERT INTO EMPLEADO (ID_EMPLEADO,DNI,NOMBRE,APELLIDO1,APELLIDO2,SALARIO,TLF_CONTACTO,ID_CENTRO,ID_JEFE)
VALUES (137,'92523832B','Rama','Lynch','Baird',1359,686231237,16,1);
INSERT INTO EMPLEADO (ID_EMPLEADO,DNI,NOMBRE,APELLIDO1,APELLIDO2,SALARIO,TLF_CONTACTO,ID_CENTRO,ID_JEFE)
VALUES (138,'18159721N','Angela','Herrera','Hudson',2308,727708060,3,11);
INSERT INTO EMPLEADO (ID_EMPLEADO,DNI,NOMBRE,APELLIDO1,APELLIDO2,SALARIO,TLF_CONTACTO,ID_CENTRO,ID_JEFE)
VALUES (139,'77461783P','Silas','Lester','Hewitt',7299,645618697,6,12);
INSERT INTO EMPLEADO (ID_EMPLEADO,DNI,NOMBRE,APELLIDO1,APELLIDO2,SALARIO,TLF_CONTACTO,ID_CENTRO,ID_JEFE)
VALUES (140,'57336132R','Philip','Munoz','Burke',6573,610373057,9,17);
INSERT INTO EMPLEADO (ID_EMPLEADO,DNI,NOMBRE,APELLIDO1,APELLIDO2,SALARIO,TLF_CONTACTO,ID_CENTRO,ID_JEFE)
VALUES (141,'57510779K','Courtney','Duke','Bell',8656,678879461,9,24);
INSERT INTO EMPLEADO (ID_EMPLEADO,DNI,NOMBRE,APELLIDO1,APELLIDO2,SALARIO,TLF_CONTACTO,ID_CENTRO,ID_JEFE)
VALUES (142,'48476788L','Nehru','Barnes','Bond',8866,616068214,11,8);
INSERT INTO EMPLEADO (ID_EMPLEADO,DNI,NOMBRE,APELLIDO1,APELLIDO2,SALARIO,TLF_CONTACTO,ID_CENTRO,ID_JEFE)
VALUES (143,'78530089I','Melinda','Burns','Sears',1457,714152040,5,6);
INSERT INTO EMPLEADO (ID_EMPLEADO,DNI,NOMBRE,APELLIDO1,APELLIDO2,SALARIO,TLF_CONTACTO,ID_CENTRO,ID_JEFE)
VALUES (144,'06875586D','Shea','Shields','Vance',7771,641625820,22,10);
INSERT INTO EMPLEADO (ID_EMPLEADO,DNI,NOMBRE,APELLIDO1,APELLIDO2,SALARIO,TLF_CONTACTO,ID_CENTRO,ID_JEFE)
VALUES (145,'58488956R','Caesar','Salas','Wolf',9876,683559687,13,11);
INSERT INTO EMPLEADO (ID_EMPLEADO,DNI,NOMBRE,APELLIDO1,APELLIDO2,SALARIO,TLF_CONTACTO,ID_CENTRO,ID_JEFE)
VALUES (146,'72531557K','Lani','Gordon','Paul',5244,667859229,13,1);
INSERT INTO EMPLEADO (ID_EMPLEADO,DNI,NOMBRE,APELLIDO1,APELLIDO2,SALARIO,TLF_CONTACTO,ID_CENTRO,ID_JEFE)
VALUES (147,'91818467C','Theodore','Armstrong','Lyons',3115,673421610,16,4);
INSERT INTO EMPLEADO (ID_EMPLEADO,DNI,NOMBRE,APELLIDO1,APELLIDO2,SALARIO,TLF_CONTACTO,ID_CENTRO,ID_JEFE)
VALUES (148,'19972732F','Helen','Wilkinson','Patel',6150,604930659,23,22);
INSERT INTO EMPLEADO (ID_EMPLEADO,DNI,NOMBRE,APELLIDO1,APELLIDO2,SALARIO,TLF_CONTACTO,ID_CENTRO,ID_JEFE)
VALUES (149,'26986386D','Serina','Clemons','Griffith',2572,667020979,20,20);
INSERT INTO EMPLEADO (ID_EMPLEADO,DNI,NOMBRE,APELLIDO1,APELLIDO2,SALARIO,TLF_CONTACTO,ID_CENTRO,ID_JEFE)
VALUES (150,'58419272S','Nash','Meadows','Dawson',6283,617938698,22,13);


--INSERCION LIMPIADOR

INSERT INTO LIMPIADOR (ID_EMPLEADO)
VALUES (1);
INSERT INTO LIMPIADOR (ID_EMPLEADO)
VALUES (2);
INSERT INTO LIMPIADOR (ID_EMPLEADO)
VALUES (3);
INSERT INTO LIMPIADOR (ID_EMPLEADO)
VALUES (4);
INSERT INTO LIMPIADOR (ID_EMPLEADO)
VALUES (5);
INSERT INTO LIMPIADOR (ID_EMPLEADO)
VALUES (106);
INSERT INTO LIMPIADOR (ID_EMPLEADO)
VALUES (107);
INSERT INTO LIMPIADOR (ID_EMPLEADO)
VALUES (108);
INSERT INTO LIMPIADOR (ID_EMPLEADO)
VALUES (109);
INSERT INTO LIMPIADOR (ID_EMPLEADO)
VALUES (110);
INSERT INTO LIMPIADOR (ID_EMPLEADO)
VALUES (111);
INSERT INTO LIMPIADOR (ID_EMPLEADO)
VALUES (112);
INSERT INTO LIMPIADOR (ID_EMPLEADO)
VALUES (113);
INSERT INTO LIMPIADOR (ID_EMPLEADO)
VALUES (114);
INSERT INTO LIMPIADOR (ID_EMPLEADO)
VALUES (115);
INSERT INTO LIMPIADOR (ID_EMPLEADO)
VALUES (116);
INSERT INTO LIMPIADOR (ID_EMPLEADO)
VALUES (117);
INSERT INTO LIMPIADOR (ID_EMPLEADO)
VALUES (118);
INSERT INTO LIMPIADOR (ID_EMPLEADO)
VALUES (119);
INSERT INTO LIMPIADOR (ID_EMPLEADO)
VALUES (120);
INSERT INTO LIMPIADOR (ID_EMPLEADO)
VALUES (121);
INSERT INTO LIMPIADOR (ID_EMPLEADO)
VALUES (122);
INSERT INTO LIMPIADOR (ID_EMPLEADO)
VALUES (123);
INSERT INTO LIMPIADOR (ID_EMPLEADO)
VALUES (124);
INSERT INTO LIMPIADOR (ID_EMPLEADO)
VALUES (125);
INSERT INTO LIMPIADOR (ID_EMPLEADO)
VALUES (126);
INSERT INTO LIMPIADOR (ID_EMPLEADO)
VALUES (127);
INSERT INTO LIMPIADOR (ID_EMPLEADO)
VALUES (128);
INSERT INTO LIMPIADOR (ID_EMPLEADO)
VALUES (129);
INSERT INTO LIMPIADOR (ID_EMPLEADO)
VALUES (130);
INSERT INTO LIMPIADOR (ID_EMPLEADO)
VALUES (131);
INSERT INTO LIMPIADOR (ID_EMPLEADO)
VALUES (132);
INSERT INTO LIMPIADOR (ID_EMPLEADO)
VALUES (133);
INSERT INTO LIMPIADOR (ID_EMPLEADO)
VALUES (134);
INSERT INTO LIMPIADOR (ID_EMPLEADO)
VALUES (135);
INSERT INTO LIMPIADOR (ID_EMPLEADO)
VALUES (136);
INSERT INTO LIMPIADOR (ID_EMPLEADO)
VALUES (137);
INSERT INTO LIMPIADOR (ID_EMPLEADO)
VALUES (138);
INSERT INTO LIMPIADOR (ID_EMPLEADO)
VALUES (139);
INSERT INTO LIMPIADOR (ID_EMPLEADO)
VALUES (140);
INSERT INTO LIMPIADOR (ID_EMPLEADO)
VALUES (141);
INSERT INTO LIMPIADOR (ID_EMPLEADO)
VALUES (142);
INSERT INTO LIMPIADOR (ID_EMPLEADO)
VALUES (143);
INSERT INTO LIMPIADOR (ID_EMPLEADO)
VALUES (144);
INSERT INTO LIMPIADOR (ID_EMPLEADO)
VALUES (145);
INSERT INTO LIMPIADOR (ID_EMPLEADO)
VALUES (146);
INSERT INTO LIMPIADOR (ID_EMPLEADO)
VALUES (147);
INSERT INTO LIMPIADOR (ID_EMPLEADO)
VALUES (148);
INSERT INTO LIMPIADOR (ID_EMPLEADO)
VALUES (149);
INSERT INTO LIMPIADOR (ID_EMPLEADO)
VALUES (150);

--INSERCION MONITOR

INSERT INTO MONITOR (ID_EMPLEADO)
VALUES (6);
INSERT INTO MONITOR (ID_EMPLEADO)
VALUES (7);
INSERT INTO MONITOR (ID_EMPLEADO)
VALUES (8);
INSERT INTO MONITOR (ID_EMPLEADO)
VALUES (9);
INSERT INTO MONITOR (ID_EMPLEADO)
VALUES (10);
INSERT INTO MONITOR (ID_EMPLEADO)
VALUES (11);
INSERT INTO MONITOR (ID_EMPLEADO)
VALUES (12);
INSERT INTO MONITOR (ID_EMPLEADO)
VALUES (13);
INSERT INTO MONITOR (ID_EMPLEADO)
VALUES (14);
INSERT INTO MONITOR (ID_EMPLEADO)
VALUES (15);
INSERT INTO MONITOR (ID_EMPLEADO)
VALUES (66);
INSERT INTO MONITOR (ID_EMPLEADO)
VALUES (67);
INSERT INTO MONITOR (ID_EMPLEADO)
VALUES (68);
INSERT INTO MONITOR (ID_EMPLEADO)
VALUES (69);
INSERT INTO MONITOR (ID_EMPLEADO)
VALUES (70);
INSERT INTO MONITOR (ID_EMPLEADO)
VALUES (71);
INSERT INTO MONITOR (ID_EMPLEADO)
VALUES (72);
INSERT INTO MONITOR (ID_EMPLEADO)
VALUES (73);
INSERT INTO MONITOR (ID_EMPLEADO)
VALUES (74);
INSERT INTO MONITOR (ID_EMPLEADO)
VALUES (75);
INSERT INTO MONITOR (ID_EMPLEADO)
VALUES (76);
INSERT INTO MONITOR (ID_EMPLEADO)
VALUES (77);
INSERT INTO MONITOR (ID_EMPLEADO)
VALUES (78);
INSERT INTO MONITOR (ID_EMPLEADO)
VALUES (79);
INSERT INTO MONITOR (ID_EMPLEADO)
VALUES (80);
INSERT INTO MONITOR (ID_EMPLEADO)
VALUES (81);
INSERT INTO MONITOR (ID_EMPLEADO)
VALUES (82);
INSERT INTO MONITOR (ID_EMPLEADO)
VALUES (83);
INSERT INTO MONITOR (ID_EMPLEADO)
VALUES (84);
INSERT INTO MONITOR (ID_EMPLEADO)
VALUES (85);
INSERT INTO MONITOR (ID_EMPLEADO)
VALUES (86);
INSERT INTO MONITOR (ID_EMPLEADO)
VALUES (87);
INSERT INTO MONITOR (ID_EMPLEADO)
VALUES (88);
INSERT INTO MONITOR (ID_EMPLEADO)
VALUES (89);
INSERT INTO MONITOR (ID_EMPLEADO)
VALUES (90);
INSERT INTO MONITOR (ID_EMPLEADO)
VALUES (91);
INSERT INTO MONITOR (ID_EMPLEADO)
VALUES (92);
INSERT INTO MONITOR (ID_EMPLEADO)
VALUES (93);
INSERT INTO MONITOR (ID_EMPLEADO)
VALUES (94);
INSERT INTO MONITOR (ID_EMPLEADO)
VALUES (95);
INSERT INTO MONITOR (ID_EMPLEADO)
VALUES (96);
INSERT INTO MONITOR (ID_EMPLEADO)
VALUES (97);
INSERT INTO MONITOR (ID_EMPLEADO)
VALUES (98);
INSERT INTO MONITOR (ID_EMPLEADO)
VALUES (99);
INSERT INTO MONITOR (ID_EMPLEADO)
VALUES (100);
INSERT INTO MONITOR (ID_EMPLEADO)
VALUES (101);
INSERT INTO MONITOR (ID_EMPLEADO)
VALUES (102);
INSERT INTO MONITOR (ID_EMPLEADO)
VALUES (103);
INSERT INTO MONITOR (ID_EMPLEADO)
VALUES (104);
INSERT INTO MONITOR (ID_EMPLEADO)
VALUES (105);

--INSERCION NUTRICIONISTA

INSERT INTO NUTRICIONISTA (ID_EMPLEADO)
VALUES (16);
INSERT INTO NUTRICIONISTA (ID_EMPLEADO)
VALUES (17);
INSERT INTO NUTRICIONISTA (ID_EMPLEADO)
VALUES (18);
INSERT INTO NUTRICIONISTA (ID_EMPLEADO)
VALUES (19);
INSERT INTO NUTRICIONISTA (ID_EMPLEADO)
VALUES (20);
INSERT INTO NUTRICIONISTA (ID_EMPLEADO)
VALUES (21);
INSERT INTO NUTRICIONISTA (ID_EMPLEADO)
VALUES (22);
INSERT INTO NUTRICIONISTA (ID_EMPLEADO)
VALUES (23);
INSERT INTO NUTRICIONISTA (ID_EMPLEADO)
VALUES (24);
INSERT INTO NUTRICIONISTA (ID_EMPLEADO)
VALUES (25);
INSERT INTO NUTRICIONISTA (ID_EMPLEADO)
VALUES (26);
INSERT INTO NUTRICIONISTA (ID_EMPLEADO)
VALUES (27);
INSERT INTO NUTRICIONISTA (ID_EMPLEADO)
VALUES (28);
INSERT INTO NUTRICIONISTA (ID_EMPLEADO)
VALUES (29);
INSERT INTO NUTRICIONISTA (ID_EMPLEADO)
VALUES (30);
INSERT INTO NUTRICIONISTA (ID_EMPLEADO)
VALUES (31);
INSERT INTO NUTRICIONISTA (ID_EMPLEADO)
VALUES (32);
INSERT INTO NUTRICIONISTA (ID_EMPLEADO)
VALUES (33);
INSERT INTO NUTRICIONISTA (ID_EMPLEADO)
VALUES (34);
INSERT INTO NUTRICIONISTA (ID_EMPLEADO)
VALUES (35);
INSERT INTO NUTRICIONISTA (ID_EMPLEADO)
VALUES (36);
INSERT INTO NUTRICIONISTA (ID_EMPLEADO)
VALUES (37);
INSERT INTO NUTRICIONISTA (ID_EMPLEADO)
VALUES (38);
INSERT INTO NUTRICIONISTA (ID_EMPLEADO)
VALUES (39);
INSERT INTO NUTRICIONISTA (ID_EMPLEADO)
VALUES (40);
INSERT INTO NUTRICIONISTA (ID_EMPLEADO)
VALUES (41);
INSERT INTO NUTRICIONISTA (ID_EMPLEADO)
VALUES (42);
INSERT INTO NUTRICIONISTA (ID_EMPLEADO)
VALUES (43);
INSERT INTO NUTRICIONISTA (ID_EMPLEADO)
VALUES (44);
INSERT INTO NUTRICIONISTA (ID_EMPLEADO)
VALUES (45);
INSERT INTO NUTRICIONISTA (ID_EMPLEADO)
VALUES (46);
INSERT INTO NUTRICIONISTA (ID_EMPLEADO)
VALUES (47);
INSERT INTO NUTRICIONISTA (ID_EMPLEADO)
VALUES (48);
INSERT INTO NUTRICIONISTA (ID_EMPLEADO)
VALUES (49);
INSERT INTO NUTRICIONISTA (ID_EMPLEADO)
VALUES (50);
INSERT INTO NUTRICIONISTA (ID_EMPLEADO)
VALUES (51);
INSERT INTO NUTRICIONISTA (ID_EMPLEADO)
VALUES (52);
INSERT INTO NUTRICIONISTA (ID_EMPLEADO)
VALUES (53);
INSERT INTO NUTRICIONISTA (ID_EMPLEADO)
VALUES (54);
INSERT INTO NUTRICIONISTA (ID_EMPLEADO)
VALUES (55);
INSERT INTO NUTRICIONISTA (ID_EMPLEADO)
VALUES (56);
INSERT INTO NUTRICIONISTA (ID_EMPLEADO)
VALUES (57);
INSERT INTO NUTRICIONISTA (ID_EMPLEADO)
VALUES (58);
INSERT INTO NUTRICIONISTA (ID_EMPLEADO)
VALUES (59);
INSERT INTO NUTRICIONISTA (ID_EMPLEADO)
VALUES (60);
INSERT INTO NUTRICIONISTA (ID_EMPLEADO)
VALUES (61);
INSERT INTO NUTRICIONISTA (ID_EMPLEADO)
VALUES (62);
INSERT INTO NUTRICIONISTA (ID_EMPLEADO)
VALUES (63);
INSERT INTO NUTRICIONISTA (ID_EMPLEADO)
VALUES (64);
INSERT INTO NUTRICIONISTA (ID_EMPLEADO)
VALUES (65);

--INSERCION SERVICIOS

INSERT INTO SERVICIO (ID_SERVICIO,COSTE,INICIO_CONTRATO,FIN_CONTRATO)
VALUES (1,79,'25/02/2021','07/02/2026');
INSERT INTO SERVICIO (ID_SERVICIO,COSTE,INICIO_CONTRATO,FIN_CONTRATO)
VALUES (2,142,'24/05/2020','18/01/2026');
INSERT INTO SERVICIO (ID_SERVICIO,COSTE,INICIO_CONTRATO,FIN_CONTRATO)
VALUES (3,55,'07/05/2021','07/04/2026');
INSERT INTO SERVICIO (ID_SERVICIO,COSTE,INICIO_CONTRATO,FIN_CONTRATO)
VALUES (4,88,'20/03/2020','06/04/2026');
INSERT INTO SERVICIO (ID_SERVICIO,COSTE,INICIO_CONTRATO,FIN_CONTRATO)
VALUES (5,104,'21/03/2021','25/03/2026');
INSERT INTO SERVICIO (ID_SERVICIO,COSTE,INICIO_CONTRATO,FIN_CONTRATO)
VALUES (6,90,'15/11/2025','25/11/2026');
INSERT INTO SERVICIO (ID_SERVICIO,COSTE,INICIO_CONTRATO,FIN_CONTRATO)
VALUES (7,108,'17/09/2025','20/04/2026');
INSERT INTO SERVICIO (ID_SERVICIO,COSTE,INICIO_CONTRATO,FIN_CONTRATO)
VALUES (8,301,'04/08/2024','22/10/2026');
INSERT INTO SERVICIO (ID_SERVICIO,COSTE,INICIO_CONTRATO,FIN_CONTRATO)
VALUES (9,250,'27/01/2022','05/01/2026');
INSERT INTO SERVICIO (ID_SERVICIO,COSTE,INICIO_CONTRATO,FIN_CONTRATO)
VALUES (10,106,'22/03/2022','15/11/2026');
INSERT INTO SERVICIO (ID_SERVICIO,COSTE,INICIO_CONTRATO,FIN_CONTRATO)
VALUES (11,258,'03/11/2022','17/04/2026');
INSERT INTO SERVICIO (ID_SERVICIO,COSTE,INICIO_CONTRATO,FIN_CONTRATO)
VALUES (12,298,'09/02/2021','20/11/2026');
INSERT INTO SERVICIO (ID_SERVICIO,COSTE,INICIO_CONTRATO,FIN_CONTRATO)
VALUES (13,407,'24/07/2025','24/06/2026');
INSERT INTO SERVICIO (ID_SERVICIO,COSTE,INICIO_CONTRATO,FIN_CONTRATO)
VALUES (14,411,'19/12/2020','12/04/2026');
INSERT INTO SERVICIO (ID_SERVICIO,COSTE,INICIO_CONTRATO,FIN_CONTRATO)
VALUES (15,396,'12/07/2025','10/02/2026');
INSERT INTO SERVICIO (ID_SERVICIO,COSTE,INICIO_CONTRATO,FIN_CONTRATO)
VALUES (16,245,'28/07/2024','08/02/2026');
INSERT INTO SERVICIO (ID_SERVICIO,COSTE,INICIO_CONTRATO,FIN_CONTRATO)
VALUES (17,287,'12/12/2023','17/10/2026');
INSERT INTO SERVICIO (ID_SERVICIO,COSTE,INICIO_CONTRATO,FIN_CONTRATO)
VALUES (18,161,'30/11/2022','07/01/2026');
INSERT INTO SERVICIO (ID_SERVICIO,COSTE,INICIO_CONTRATO,FIN_CONTRATO)
VALUES (19,289,'30/05/2025','19/07/2026');
INSERT INTO SERVICIO (ID_SERVICIO,COSTE,INICIO_CONTRATO,FIN_CONTRATO)
VALUES (20,219,'29/12/2024','22/04/2026');
INSERT INTO SERVICIO (ID_SERVICIO,COSTE,INICIO_CONTRATO,FIN_CONTRATO)
VALUES (21,235,'05/02/2024','16/01/2026');
INSERT INTO SERVICIO (ID_SERVICIO,COSTE,INICIO_CONTRATO,FIN_CONTRATO)
VALUES (22,211,'10/07/2024','18/06/2026');
INSERT INTO SERVICIO (ID_SERVICIO,COSTE,INICIO_CONTRATO,FIN_CONTRATO)
VALUES (23,407,'07/10/2025','12/10/2026');
INSERT INTO SERVICIO (ID_SERVICIO,COSTE,INICIO_CONTRATO,FIN_CONTRATO)
VALUES (24,295,'29/03/2022','28/02/2026');
INSERT INTO SERVICIO (ID_SERVICIO,COSTE,INICIO_CONTRATO,FIN_CONTRATO)
VALUES (25,206,'19/10/2020','10/06/2026');
INSERT INTO SERVICIO (ID_SERVICIO,COSTE,INICIO_CONTRATO,FIN_CONTRATO)
VALUES (26,80,'08/10/2021','07/04/2026');
INSERT INTO SERVICIO (ID_SERVICIO,COSTE,INICIO_CONTRATO,FIN_CONTRATO)
VALUES (27,412,'09/05/2022','06/02/2026');
INSERT INTO SERVICIO (ID_SERVICIO,COSTE,INICIO_CONTRATO,FIN_CONTRATO)
VALUES (28,371,'20/03/2025','20/03/2026');
INSERT INTO SERVICIO (ID_SERVICIO,COSTE,INICIO_CONTRATO,FIN_CONTRATO)
VALUES (29,170,'01/12/2024','12/12/2026');
INSERT INTO SERVICIO (ID_SERVICIO,COSTE,INICIO_CONTRATO,FIN_CONTRATO)
VALUES (30,395,'08/05/2022','29/06/2026');
INSERT INTO SERVICIO (ID_SERVICIO,COSTE,INICIO_CONTRATO,FIN_CONTRATO)
VALUES (31,57,'05/12/2025','18/02/2026');
INSERT INTO SERVICIO (ID_SERVICIO,COSTE,INICIO_CONTRATO,FIN_CONTRATO)
VALUES (32,180,'08/02/2022','18/06/2026');
INSERT INTO SERVICIO (ID_SERVICIO,COSTE,INICIO_CONTRATO,FIN_CONTRATO)
VALUES (33,190,'03/10/2025','01/05/2026');
INSERT INTO SERVICIO (ID_SERVICIO,COSTE,INICIO_CONTRATO,FIN_CONTRATO)
VALUES (34,467,'27/02/2021','03/11/2026');
INSERT INTO SERVICIO (ID_SERVICIO,COSTE,INICIO_CONTRATO,FIN_CONTRATO)
VALUES (35,418,'03/07/2025','25/12/2026');
INSERT INTO SERVICIO (ID_SERVICIO,COSTE,INICIO_CONTRATO,FIN_CONTRATO)
VALUES (36,274,'15/07/2023','14/01/2026');
INSERT INTO SERVICIO (ID_SERVICIO,COSTE,INICIO_CONTRATO,FIN_CONTRATO)
VALUES (37,500,'07/01/2021','26/02/2026');
INSERT INTO SERVICIO (ID_SERVICIO,COSTE,INICIO_CONTRATO,FIN_CONTRATO)
VALUES (38,458,'08/05/2020','28/03/2026');
INSERT INTO SERVICIO (ID_SERVICIO,COSTE,INICIO_CONTRATO,FIN_CONTRATO)
VALUES (39,278,'27/09/2021','25/08/2026');
INSERT INTO SERVICIO (ID_SERVICIO,COSTE,INICIO_CONTRATO,FIN_CONTRATO)
VALUES (40,145,'10/12/2022','01/02/2026');
INSERT INTO SERVICIO (ID_SERVICIO,COSTE,INICIO_CONTRATO,FIN_CONTRATO)
VALUES (41,145,'26/02/2020','09/11/2026');
INSERT INTO SERVICIO (ID_SERVICIO,COSTE,INICIO_CONTRATO,FIN_CONTRATO)
VALUES (42,284,'11/07/2025','27/04/2026');
INSERT INTO SERVICIO (ID_SERVICIO,COSTE,INICIO_CONTRATO,FIN_CONTRATO)
VALUES (43,437,'01/02/2020','30/06/2026');
INSERT INTO SERVICIO (ID_SERVICIO,COSTE,INICIO_CONTRATO,FIN_CONTRATO)
VALUES (44,466,'28/01/2025','29/01/2026');
INSERT INTO SERVICIO (ID_SERVICIO,COSTE,INICIO_CONTRATO,FIN_CONTRATO)
VALUES (45,253,'08/01/2023','15/04/2026');
INSERT INTO SERVICIO (ID_SERVICIO,COSTE,INICIO_CONTRATO,FIN_CONTRATO)
VALUES (46,227,'06/10/2021','14/12/2026');
INSERT INTO SERVICIO (ID_SERVICIO,COSTE,INICIO_CONTRATO,FIN_CONTRATO)
VALUES (47,494,'25/08/2025','20/02/2026');
INSERT INTO SERVICIO (ID_SERVICIO,COSTE,INICIO_CONTRATO,FIN_CONTRATO)
VALUES (48,453,'13/01/2020','20/07/2026');
INSERT INTO SERVICIO (ID_SERVICIO,COSTE,INICIO_CONTRATO,FIN_CONTRATO)
VALUES (49,365,'10/03/2021','29/08/2026');
INSERT INTO SERVICIO (ID_SERVICIO,COSTE,INICIO_CONTRATO,FIN_CONTRATO)
VALUES (50,213,'26/08/2021','07/04/2026');
INSERT INTO SERVICIO (ID_SERVICIO,COSTE,INICIO_CONTRATO)
VALUES (51,192,'22/07/2023');
INSERT INTO SERVICIO (ID_SERVICIO,COSTE,INICIO_CONTRATO)
VALUES (52,231,'07/01/2024');
INSERT INTO SERVICIO (ID_SERVICIO,COSTE,INICIO_CONTRATO)
VALUES (53,263,'08/12/2020');
INSERT INTO SERVICIO (ID_SERVICIO,COSTE,INICIO_CONTRATO)
VALUES (54,433,'03/03/2022');
INSERT INTO SERVICIO (ID_SERVICIO,COSTE,INICIO_CONTRATO)
VALUES (55,122,'04/06/2024');
INSERT INTO SERVICIO (ID_SERVICIO,COSTE,INICIO_CONTRATO)
VALUES (56,87,'30/07/2025');
INSERT INTO SERVICIO (ID_SERVICIO,COSTE,INICIO_CONTRATO)
VALUES (57,188,'08/07/2022');
INSERT INTO SERVICIO (ID_SERVICIO,COSTE,INICIO_CONTRATO)
VALUES (58,98,'07/08/2020');
INSERT INTO SERVICIO (ID_SERVICIO,COSTE,INICIO_CONTRATO)
VALUES (59,140,'08/12/2025');
INSERT INTO SERVICIO (ID_SERVICIO,COSTE,INICIO_CONTRATO)
VALUES (60,248,'04/05/2025');
INSERT INTO SERVICIO (ID_SERVICIO,COSTE,INICIO_CONTRATO)
VALUES (61,74,'29/07/2022');
INSERT INTO SERVICIO (ID_SERVICIO,COSTE,INICIO_CONTRATO)
VALUES (62,445,'28/01/2022');
INSERT INTO SERVICIO (ID_SERVICIO,COSTE,INICIO_CONTRATO)
VALUES (63,382,'16/07/2022');
INSERT INTO SERVICIO (ID_SERVICIO,COSTE,INICIO_CONTRATO)
VALUES (64,479,'01/04/2022');
INSERT INTO SERVICIO (ID_SERVICIO,COSTE,INICIO_CONTRATO)
VALUES (65,245,'29/11/2024');
INSERT INTO SERVICIO (ID_SERVICIO,COSTE,INICIO_CONTRATO)
VALUES (66,230,'13/06/2020');
INSERT INTO SERVICIO (ID_SERVICIO,COSTE,INICIO_CONTRATO)
VALUES (67,446,'19/01/2025');
INSERT INTO SERVICIO (ID_SERVICIO,COSTE,INICIO_CONTRATO)
VALUES (68,157,'07/12/2024');
INSERT INTO SERVICIO (ID_SERVICIO,COSTE,INICIO_CONTRATO)
VALUES (69,268,'27/03/2025');
INSERT INTO SERVICIO (ID_SERVICIO,COSTE,INICIO_CONTRATO)
VALUES (70,108,'08/06/2024');
INSERT INTO SERVICIO (ID_SERVICIO,COSTE,INICIO_CONTRATO)
VALUES (71,126,'16/03/2023');
INSERT INTO SERVICIO (ID_SERVICIO,COSTE,INICIO_CONTRATO)
VALUES (72,255,'04/04/2024');
INSERT INTO SERVICIO (ID_SERVICIO,COSTE,INICIO_CONTRATO)
VALUES (73,285,'12/01/2023');
INSERT INTO SERVICIO (ID_SERVICIO,COSTE,INICIO_CONTRATO)
VALUES (74,111,'18/11/2022');
INSERT INTO SERVICIO (ID_SERVICIO,COSTE,INICIO_CONTRATO)
VALUES (75,431,'04/01/2024');
INSERT INTO SERVICIO (ID_SERVICIO,COSTE,INICIO_CONTRATO)
VALUES (76,492,'20/10/2024');
INSERT INTO SERVICIO (ID_SERVICIO,COSTE,INICIO_CONTRATO)
VALUES (77,51,'13/04/2021');
INSERT INTO SERVICIO (ID_SERVICIO,COSTE,INICIO_CONTRATO)
VALUES (78,204,'12/07/2025');
INSERT INTO SERVICIO (ID_SERVICIO,COSTE,INICIO_CONTRATO)
VALUES (79,113,'17/12/2024');
INSERT INTO SERVICIO (ID_SERVICIO,COSTE,INICIO_CONTRATO)
VALUES (80,499,'15/08/2025');
INSERT INTO SERVICIO (ID_SERVICIO,COSTE,INICIO_CONTRATO)
VALUES (81,317,'07/09/2023');
INSERT INTO SERVICIO (ID_SERVICIO,COSTE,INICIO_CONTRATO)
VALUES (82,243,'24/11/2021');
INSERT INTO SERVICIO (ID_SERVICIO,COSTE,INICIO_CONTRATO)
VALUES (83,273,'25/10/2020');
INSERT INTO SERVICIO (ID_SERVICIO,COSTE,INICIO_CONTRATO)
VALUES (84,347,'14/08/2025');
INSERT INTO SERVICIO (ID_SERVICIO,COSTE,INICIO_CONTRATO)
VALUES (85,323,'14/06/2024');
INSERT INTO SERVICIO (ID_SERVICIO,COSTE,INICIO_CONTRATO)
VALUES (86,464,'28/05/2024');
INSERT INTO SERVICIO (ID_SERVICIO,COSTE,INICIO_CONTRATO)
VALUES (87,144,'02/07/2021');
INSERT INTO SERVICIO (ID_SERVICIO,COSTE,INICIO_CONTRATO)
VALUES (88,291,'23/05/2021');
INSERT INTO SERVICIO (ID_SERVICIO,COSTE,INICIO_CONTRATO)
VALUES (89,256,'10/01/2021');
INSERT INTO SERVICIO (ID_SERVICIO,COSTE,INICIO_CONTRATO)
VALUES (90,274,'11/02/2022');
INSERT INTO SERVICIO (ID_SERVICIO,COSTE,INICIO_CONTRATO)
VALUES (91,219,'20/03/2022');
INSERT INTO SERVICIO (ID_SERVICIO,COSTE,INICIO_CONTRATO)
VALUES (92,433,'11/05/2024');
INSERT INTO SERVICIO (ID_SERVICIO,COSTE,INICIO_CONTRATO)
VALUES (93,191,'12/05/2025');
INSERT INTO SERVICIO (ID_SERVICIO,COSTE,INICIO_CONTRATO)
VALUES (94,455,'14/05/2025');
INSERT INTO SERVICIO (ID_SERVICIO,COSTE,INICIO_CONTRATO)
VALUES (95,458,'15/05/2025');
INSERT INTO SERVICIO (ID_SERVICIO,COSTE,INICIO_CONTRATO)
VALUES (96,302,'20/06/2025');
INSERT INTO SERVICIO (ID_SERVICIO,COSTE,INICIO_CONTRATO)
VALUES (97,203,'11/04/2020');
INSERT INTO SERVICIO (ID_SERVICIO,COSTE,INICIO_CONTRATO)
VALUES (98,120,'12/01/2023');
INSERT INTO SERVICIO (ID_SERVICIO,COSTE,INICIO_CONTRATO)
VALUES (99,497,'26/07/2022');
INSERT INTO SERVICIO (ID_SERVICIO,COSTE,INICIO_CONTRATO)
VALUES (100,228,'08/09/2022');

--INSERCION DIETAS

INSERT INTO DIETA (ID_SERVICIO,TIPO_DIETA,ID_EMPLEADO)
VALUES (1,'PROTEICA',22);
INSERT INTO DIETA (ID_SERVICIO,TIPO_DIETA,ID_EMPLEADO)
VALUES (2,'VEGANA',17);
INSERT INTO DIETA (ID_SERVICIO,TIPO_DIETA,ID_EMPLEADO)
VALUES (3,'VEGANA',16);
INSERT INTO DIETA (ID_SERVICIO,TIPO_DIETA,ID_EMPLEADO)
VALUES (4,'MEDITERRANEA',19);
INSERT INTO DIETA (ID_SERVICIO,TIPO_DIETA,ID_EMPLEADO)
VALUES (5,'VARIADA',20);
INSERT INTO DIETA (ID_SERVICIO,TIPO_DIETA,ID_EMPLEADO)
VALUES (6,'VEGANA',20);
INSERT INTO DIETA (ID_SERVICIO,TIPO_DIETA,ID_EMPLEADO)
VALUES (7,'MEDITERRANEA',25);
INSERT INTO DIETA (ID_SERVICIO,TIPO_DIETA,ID_EMPLEADO)
VALUES (8,'PROTEICA',19);
INSERT INTO DIETA (ID_SERVICIO,TIPO_DIETA,ID_EMPLEADO)
VALUES (9,'VEGANA',21);
INSERT INTO DIETA (ID_SERVICIO,TIPO_DIETA,ID_EMPLEADO)
VALUES (10,'VARIADA',24);
INSERT INTO DIETA (ID_SERVICIO,TIPO_DIETA,ID_EMPLEADO)
VALUES (11,'VARIADA',61);
INSERT INTO DIETA (ID_SERVICIO,TIPO_DIETA,ID_EMPLEADO)
VALUES (12,'VEGANA',42);
INSERT INTO DIETA (ID_SERVICIO,TIPO_DIETA,ID_EMPLEADO)
VALUES (13,'PROTEICA',56);
INSERT INTO DIETA (ID_SERVICIO,TIPO_DIETA,ID_EMPLEADO)
VALUES (14,'CALORICA',57);
INSERT INTO DIETA (ID_SERVICIO,TIPO_DIETA,ID_EMPLEADO)
VALUES (15,'VEGANA',54);
INSERT INTO DIETA (ID_SERVICIO,TIPO_DIETA,ID_EMPLEADO)
VALUES (16,'VEGANA',54);
INSERT INTO DIETA (ID_SERVICIO,TIPO_DIETA,ID_EMPLEADO)
VALUES (17,'VEGANA',30);
INSERT INTO DIETA (ID_SERVICIO,TIPO_DIETA,ID_EMPLEADO)
VALUES (18,'VARIADA',39);
INSERT INTO DIETA (ID_SERVICIO,TIPO_DIETA,ID_EMPLEADO)
VALUES (19,'VEGANA',60);
INSERT INTO DIETA (ID_SERVICIO,TIPO_DIETA,ID_EMPLEADO)
VALUES (20,'VEGANA',38);
INSERT INTO DIETA (ID_SERVICIO,TIPO_DIETA,ID_EMPLEADO)
VALUES (21,'VARIADA',65);
INSERT INTO DIETA (ID_SERVICIO,TIPO_DIETA,ID_EMPLEADO)
VALUES (22,'CALORICA',62);
INSERT INTO DIETA (ID_SERVICIO,TIPO_DIETA,ID_EMPLEADO)
VALUES (23,'PROTEICA',30);
INSERT INTO DIETA (ID_SERVICIO,TIPO_DIETA,ID_EMPLEADO)
VALUES (24,'VEGANA',36);
INSERT INTO DIETA (ID_SERVICIO,TIPO_DIETA,ID_EMPLEADO)
VALUES (25,'MEDITERRANEA',46);
INSERT INTO DIETA (ID_SERVICIO,TIPO_DIETA,ID_EMPLEADO)
VALUES (26,'VEGANA',42);
INSERT INTO DIETA (ID_SERVICIO,TIPO_DIETA,ID_EMPLEADO)
VALUES (27,'VARIADA',47);
INSERT INTO DIETA (ID_SERVICIO,TIPO_DIETA,ID_EMPLEADO)
VALUES (28,'VEGANA',46);
INSERT INTO DIETA (ID_SERVICIO,TIPO_DIETA,ID_EMPLEADO)
VALUES (29,'CALORICA',53);
INSERT INTO DIETA (ID_SERVICIO,TIPO_DIETA,ID_EMPLEADO)
VALUES (30,'VARIADA',37);
INSERT INTO DIETA (ID_SERVICIO,TIPO_DIETA,ID_EMPLEADO)
VALUES (31,'CALORICA',44);
INSERT INTO DIETA (ID_SERVICIO,TIPO_DIETA,ID_EMPLEADO)
VALUES (32,'VEGANA',49);
INSERT INTO DIETA (ID_SERVICIO,TIPO_DIETA,ID_EMPLEADO)
VALUES (33,'MEDITERRANEA',58);
INSERT INTO DIETA (ID_SERVICIO,TIPO_DIETA,ID_EMPLEADO)
VALUES (34,'VEGANA',32);
INSERT INTO DIETA (ID_SERVICIO,TIPO_DIETA,ID_EMPLEADO)
VALUES (35,'CALORICA',62);
INSERT INTO DIETA (ID_SERVICIO,TIPO_DIETA,ID_EMPLEADO)
VALUES (36,'MEDITERRANEA',40);
INSERT INTO DIETA (ID_SERVICIO,TIPO_DIETA,ID_EMPLEADO)
VALUES (37,'VARIADA',42);
INSERT INTO DIETA (ID_SERVICIO,TIPO_DIETA,ID_EMPLEADO)
VALUES (38,'CALORICA',56);
INSERT INTO DIETA (ID_SERVICIO,TIPO_DIETA,ID_EMPLEADO)
VALUES (39,'CALORICA',47);
INSERT INTO DIETA (ID_SERVICIO,TIPO_DIETA,ID_EMPLEADO)
VALUES (40,'VEGANA',54);
INSERT INTO DIETA (ID_SERVICIO,TIPO_DIETA,ID_EMPLEADO)
VALUES (41,'VEGANA',28);
INSERT INTO DIETA (ID_SERVICIO,TIPO_DIETA,ID_EMPLEADO)
VALUES (42,'MEDITERRANEA',30);
INSERT INTO DIETA (ID_SERVICIO,TIPO_DIETA,ID_EMPLEADO)
VALUES (43,'PROTEICA',31);
INSERT INTO DIETA (ID_SERVICIO,TIPO_DIETA,ID_EMPLEADO)
VALUES (44,'PROTEICA',36);
INSERT INTO DIETA (ID_SERVICIO,TIPO_DIETA,ID_EMPLEADO)
VALUES (45,'PROTEICA',47);
INSERT INTO DIETA (ID_SERVICIO,TIPO_DIETA,ID_EMPLEADO)
VALUES (46,'CALORICA',45);
INSERT INTO DIETA (ID_SERVICIO,TIPO_DIETA,ID_EMPLEADO)
VALUES (47,'MEDITERRANEA',49);
INSERT INTO DIETA (ID_SERVICIO,TIPO_DIETA,ID_EMPLEADO)
VALUES (48,'VEGANA',30);
INSERT INTO DIETA (ID_SERVICIO,TIPO_DIETA,ID_EMPLEADO)
VALUES (49,'VEGANA',61);
INSERT INTO DIETA (ID_SERVICIO,TIPO_DIETA,ID_EMPLEADO)
VALUES (50,'VEGANA',52);

--INSERCION RUTINAS
INSERT INTO RUTINA (ID_SERVICIO,DIAS_SEMANA,ID_EMPLEADO)
VALUES (51,7,6);
INSERT INTO RUTINA (ID_SERVICIO,DIAS_SEMANA,ID_EMPLEADO)
VALUES (52,4,11);
INSERT INTO RUTINA (ID_SERVICIO,DIAS_SEMANA,ID_EMPLEADO)
VALUES (53,7,11);
INSERT INTO RUTINA (ID_SERVICIO,DIAS_SEMANA,ID_EMPLEADO)
VALUES (54,5,6);
INSERT INTO RUTINA (ID_SERVICIO,DIAS_SEMANA,ID_EMPLEADO)
VALUES (55,2,12);
INSERT INTO RUTINA (ID_SERVICIO,DIAS_SEMANA,ID_EMPLEADO)
VALUES (56,2,8);
INSERT INTO RUTINA (ID_SERVICIO,DIAS_SEMANA,ID_EMPLEADO)
VALUES (57,5,14);
INSERT INTO RUTINA (ID_SERVICIO,DIAS_SEMANA,ID_EMPLEADO)
VALUES (58,3,8);
INSERT INTO RUTINA (ID_SERVICIO,DIAS_SEMANA,ID_EMPLEADO)
VALUES (59,6,11);
INSERT INTO RUTINA (ID_SERVICIO,DIAS_SEMANA,ID_EMPLEADO)
VALUES (60,4,6);
INSERT INTO RUTINA (ID_SERVICIO,DIAS_SEMANA,ID_EMPLEADO)
VALUES (61,3,98);
INSERT INTO RUTINA (ID_SERVICIO,DIAS_SEMANA,ID_EMPLEADO)
VALUES (62,6,72);
INSERT INTO RUTINA (ID_SERVICIO,DIAS_SEMANA,ID_EMPLEADO)
VALUES (63,5,66);
INSERT INTO RUTINA (ID_SERVICIO,DIAS_SEMANA,ID_EMPLEADO)
VALUES (64,1,100);
INSERT INTO RUTINA (ID_SERVICIO,DIAS_SEMANA,ID_EMPLEADO)
VALUES (65,3,92);
INSERT INTO RUTINA (ID_SERVICIO,DIAS_SEMANA,ID_EMPLEADO)
VALUES (66,3,101);
INSERT INTO RUTINA (ID_SERVICIO,DIAS_SEMANA,ID_EMPLEADO)
VALUES (67,4,89);
INSERT INTO RUTINA (ID_SERVICIO,DIAS_SEMANA,ID_EMPLEADO)
VALUES (68,5,69);
INSERT INTO RUTINA (ID_SERVICIO,DIAS_SEMANA,ID_EMPLEADO)
VALUES (69,3,87);
INSERT INTO RUTINA (ID_SERVICIO,DIAS_SEMANA,ID_EMPLEADO)
VALUES (70,3,80);
INSERT INTO RUTINA (ID_SERVICIO,DIAS_SEMANA,ID_EMPLEADO)
VALUES (71,1,82);
INSERT INTO RUTINA (ID_SERVICIO,DIAS_SEMANA,ID_EMPLEADO)
VALUES (72,5,101);
INSERT INTO RUTINA (ID_SERVICIO,DIAS_SEMANA,ID_EMPLEADO)
VALUES (73,7,68);
INSERT INTO RUTINA (ID_SERVICIO,DIAS_SEMANA,ID_EMPLEADO)
VALUES (74,6,72);
INSERT INTO RUTINA (ID_SERVICIO,DIAS_SEMANA,ID_EMPLEADO)
VALUES (75,6,76);
INSERT INTO RUTINA (ID_SERVICIO,DIAS_SEMANA,ID_EMPLEADO)
VALUES (76,2,75);
INSERT INTO RUTINA (ID_SERVICIO,DIAS_SEMANA,ID_EMPLEADO)
VALUES (77,4,98);
INSERT INTO RUTINA (ID_SERVICIO,DIAS_SEMANA,ID_EMPLEADO)
VALUES (78,2,95);
INSERT INTO RUTINA (ID_SERVICIO,DIAS_SEMANA,ID_EMPLEADO)
VALUES (79,5,91);
INSERT INTO RUTINA (ID_SERVICIO,DIAS_SEMANA,ID_EMPLEADO)
VALUES (80,6,71);
INSERT INTO RUTINA (ID_SERVICIO,DIAS_SEMANA,ID_EMPLEADO)
VALUES (81,4,82);
INSERT INTO RUTINA (ID_SERVICIO,DIAS_SEMANA,ID_EMPLEADO)
VALUES (82,4,81);
INSERT INTO RUTINA (ID_SERVICIO,DIAS_SEMANA,ID_EMPLEADO)
VALUES (83,6,101);
INSERT INTO RUTINA (ID_SERVICIO,DIAS_SEMANA,ID_EMPLEADO)
VALUES (84,6,79);
INSERT INTO RUTINA (ID_SERVICIO,DIAS_SEMANA,ID_EMPLEADO)
VALUES (85,2,75);
INSERT INTO RUTINA (ID_SERVICIO,DIAS_SEMANA,ID_EMPLEADO)
VALUES (86,3,95);
INSERT INTO RUTINA (ID_SERVICIO,DIAS_SEMANA,ID_EMPLEADO)
VALUES (87,4,68);
INSERT INTO RUTINA (ID_SERVICIO,DIAS_SEMANA,ID_EMPLEADO)
VALUES (88,4,85);
INSERT INTO RUTINA (ID_SERVICIO,DIAS_SEMANA,ID_EMPLEADO)
VALUES (89,4,74);
INSERT INTO RUTINA (ID_SERVICIO,DIAS_SEMANA,ID_EMPLEADO)
VALUES (90,5,85);
INSERT INTO RUTINA (ID_SERVICIO,DIAS_SEMANA,ID_EMPLEADO)
VALUES (91,3,66);
INSERT INTO RUTINA (ID_SERVICIO,DIAS_SEMANA,ID_EMPLEADO)
VALUES (92,4,80);
INSERT INTO RUTINA (ID_SERVICIO,DIAS_SEMANA,ID_EMPLEADO)
VALUES (93,3,102);
INSERT INTO RUTINA (ID_SERVICIO,DIAS_SEMANA,ID_EMPLEADO)
VALUES (94,2,74);
INSERT INTO RUTINA (ID_SERVICIO,DIAS_SEMANA,ID_EMPLEADO)
VALUES (95,1,77);
INSERT INTO RUTINA (ID_SERVICIO,DIAS_SEMANA,ID_EMPLEADO)
VALUES (96,4,100);
INSERT INTO RUTINA (ID_SERVICIO,DIAS_SEMANA,ID_EMPLEADO)
VALUES (97,4,105);
INSERT INTO RUTINA (ID_SERVICIO,DIAS_SEMANA,ID_EMPLEADO)
VALUES (98,4,98);
INSERT INTO RUTINA (ID_SERVICIO,DIAS_SEMANA,ID_EMPLEADO)
VALUES (99,1,91);
INSERT INTO RUTINA (ID_SERVICIO,DIAS_SEMANA,ID_EMPLEADO)
VALUES (100,2,82);

--INSERCION MAQUINAS
INSERT INTO MAQUINA (ID_MAQUINA,TIPO,PESO_INICIAL,ID_EMPLEADO)
VALUES (1,'MULTIFUNCIONAL',160,2);
INSERT INTO MAQUINA (ID_MAQUINA,TIPO,PESO_INICIAL,ID_EMPLEADO)
VALUES (2,'SENTADILLA',61,4);
INSERT INTO MAQUINA (ID_MAQUINA,TIPO,PESO_INICIAL,ID_EMPLEADO)
VALUES (3,'SENTADILLA',240,2);
INSERT INTO MAQUINA (ID_MAQUINA,TIPO,PESO_INICIAL,ID_EMPLEADO)
VALUES (4,'MANCUERNA',56,3);
INSERT INTO MAQUINA (ID_MAQUINA,TIPO,PESO_INICIAL,ID_EMPLEADO)
VALUES (5,'MANCUERNA',103,2);
INSERT INTO MAQUINA (ID_MAQUINA,TIPO,PESO_INICIAL,ID_EMPLEADO)
VALUES (6,'SENTADILLA',176,4);
INSERT INTO MAQUINA (ID_MAQUINA,TIPO,PESO_INICIAL,ID_EMPLEADO)
VALUES (7,'PRENSA',278,2);
INSERT INTO MAQUINA (ID_MAQUINA,TIPO,PESO_INICIAL,ID_EMPLEADO)
VALUES (8,'PRENSA',293,5);
INSERT INTO MAQUINA (ID_MAQUINA,TIPO,PESO_INICIAL,ID_EMPLEADO)
VALUES (9,'MANCUERNA',280,3);
INSERT INTO MAQUINA (ID_MAQUINA,TIPO,PESO_INICIAL,ID_EMPLEADO)
VALUES (10,'MULTIFUNCIONAL',77,2);
INSERT INTO MAQUINA (ID_MAQUINA,TIPO,PESO_INICIAL,ID_EMPLEADO)
VALUES (11,'MANCUERNA',200,149);
INSERT INTO MAQUINA (ID_MAQUINA,TIPO,PESO_INICIAL,ID_EMPLEADO)
VALUES (12,'POLEA',50,132);
INSERT INTO MAQUINA (ID_MAQUINA,TIPO,PESO_INICIAL,ID_EMPLEADO)
VALUES (13,'SENTADILLA',92,137);
INSERT INTO MAQUINA (ID_MAQUINA,TIPO,PESO_INICIAL,ID_EMPLEADO)
VALUES (14,'SENTADILLA',185,110);
INSERT INTO MAQUINA (ID_MAQUINA,TIPO,PESO_INICIAL,ID_EMPLEADO)
VALUES (15,'MULTIFUNCIONAL',91,148);
INSERT INTO MAQUINA (ID_MAQUINA,TIPO,PESO_INICIAL,ID_EMPLEADO)
VALUES (16,'SENTADILLA',62,112);
INSERT INTO MAQUINA (ID_MAQUINA,TIPO,PESO_INICIAL,ID_EMPLEADO)
VALUES (17,'SENTADILLA',131,123);
INSERT INTO MAQUINA (ID_MAQUINA,TIPO,PESO_INICIAL,ID_EMPLEADO)
VALUES (18,'MANCUERNA',244,137);
INSERT INTO MAQUINA (ID_MAQUINA,TIPO,PESO_INICIAL,ID_EMPLEADO)
VALUES (19,'MULTIESTACION',170,118);
INSERT INTO MAQUINA (ID_MAQUINA,TIPO,PESO_INICIAL,ID_EMPLEADO)
VALUES (20,'SENTADILLA',10,148);
INSERT INTO MAQUINA (ID_MAQUINA,TIPO,PESO_INICIAL,ID_EMPLEADO)
VALUES (21,'POLEA',104,139);
INSERT INTO MAQUINA (ID_MAQUINA,TIPO,PESO_INICIAL,ID_EMPLEADO)
VALUES (22,'SENTADILLA',155,115);
INSERT INTO MAQUINA (ID_MAQUINA,TIPO,PESO_INICIAL,ID_EMPLEADO)
VALUES (23,'MANCUERNA',9,146);
INSERT INTO MAQUINA (ID_MAQUINA,TIPO,PESO_INICIAL,ID_EMPLEADO)
VALUES (24,'MULTIESTACION',36,120);
INSERT INTO MAQUINA (ID_MAQUINA,TIPO,PESO_INICIAL,ID_EMPLEADO)
VALUES (25,'PRENSA',203,126);
INSERT INTO MAQUINA (ID_MAQUINA,TIPO,PESO_INICIAL,ID_EMPLEADO)
VALUES (26,'MULTIFUNCIONAL',166,121);
INSERT INTO MAQUINA (ID_MAQUINA,TIPO,PESO_INICIAL,ID_EMPLEADO)
VALUES (27,'MULTIESTACION',147,111);
INSERT INTO MAQUINA (ID_MAQUINA,TIPO,PESO_INICIAL,ID_EMPLEADO)
VALUES (28,'POLEA',103,118);
INSERT INTO MAQUINA (ID_MAQUINA,TIPO,PESO_INICIAL,ID_EMPLEADO)
VALUES (29,'MANCUERNA',258,139);
INSERT INTO MAQUINA (ID_MAQUINA,TIPO,PESO_INICIAL,ID_EMPLEADO)
VALUES (30,'PRENSA',208,148);
INSERT INTO MAQUINA (ID_MAQUINA,TIPO,PESO_INICIAL,ID_EMPLEADO)
VALUES (31,'MULTIFUNCIONAL',235,140);
INSERT INTO MAQUINA (ID_MAQUINA,TIPO,PESO_INICIAL,ID_EMPLEADO)
VALUES (32,'MANCUERNA',32,108);
INSERT INTO MAQUINA (ID_MAQUINA,TIPO,PESO_INICIAL,ID_EMPLEADO)
VALUES (33,'PRENSA',219,142);
INSERT INTO MAQUINA (ID_MAQUINA,TIPO,PESO_INICIAL,ID_EMPLEADO)
VALUES (34,'MULTIFUNCIONAL',275,108);
INSERT INTO MAQUINA (ID_MAQUINA,TIPO,PESO_INICIAL,ID_EMPLEADO)
VALUES (35,'MULTIFUNCIONAL',7,147);
INSERT INTO MAQUINA (ID_MAQUINA,TIPO,PESO_INICIAL,ID_EMPLEADO)
VALUES (36,'MANCUERNA',220,120);
INSERT INTO MAQUINA (ID_MAQUINA,TIPO,PESO_INICIAL,ID_EMPLEADO)
VALUES (37,'MULTIFUNCIONAL',17,149);
INSERT INTO MAQUINA (ID_MAQUINA,TIPO,PESO_INICIAL,ID_EMPLEADO)
VALUES (38,'SENTADILLA',193,138);
INSERT INTO MAQUINA (ID_MAQUINA,TIPO,PESO_INICIAL,ID_EMPLEADO)
VALUES (39,'POLEA',89,114);
INSERT INTO MAQUINA (ID_MAQUINA,TIPO,PESO_INICIAL,ID_EMPLEADO)
VALUES (40,'SENTADILLA',193,142);
INSERT INTO MAQUINA (ID_MAQUINA,TIPO,PESO_INICIAL,ID_EMPLEADO)
VALUES (41,'MULTIESTACION',200,110);
INSERT INTO MAQUINA (ID_MAQUINA,TIPO,PESO_INICIAL,ID_EMPLEADO)
VALUES (42,'MULTIESTACION',166,117);
INSERT INTO MAQUINA (ID_MAQUINA,TIPO,PESO_INICIAL,ID_EMPLEADO)
VALUES (43,'POLEA',206,139);
INSERT INTO MAQUINA (ID_MAQUINA,TIPO,PESO_INICIAL,ID_EMPLEADO)
VALUES (44,'POLEA',69,136);
INSERT INTO MAQUINA (ID_MAQUINA,TIPO,PESO_INICIAL,ID_EMPLEADO)
VALUES (45,'MULTIFUNCIONAL',81,112);
INSERT INTO MAQUINA (ID_MAQUINA,TIPO,PESO_INICIAL,ID_EMPLEADO)
VALUES (46,'POLEA',63,119);
INSERT INTO MAQUINA (ID_MAQUINA,TIPO,PESO_INICIAL,ID_EMPLEADO)
VALUES (47,'MULTIFUNCIONAL',64,143);
INSERT INTO MAQUINA (ID_MAQUINA,TIPO,PESO_INICIAL,ID_EMPLEADO)
VALUES (48,'POLEA',290,132);
INSERT INTO MAQUINA (ID_MAQUINA,TIPO,PESO_INICIAL,ID_EMPLEADO)
VALUES (49,'MULTIFUNCIONAL',46,125);
INSERT INTO MAQUINA (ID_MAQUINA,TIPO,PESO_INICIAL,ID_EMPLEADO)
VALUES (50,'MULTIFUNCIONAL',115,112);
INSERT INTO MAQUINA (ID_MAQUINA,TIPO,PESO_INICIAL,ID_EMPLEADO)
VALUES (51,'MANCUERNA',290,118);
INSERT INTO MAQUINA (ID_MAQUINA,TIPO,PESO_INICIAL,ID_EMPLEADO)
VALUES (52,'MANCUERNA',95,124);
INSERT INTO MAQUINA (ID_MAQUINA,TIPO,PESO_INICIAL,ID_EMPLEADO)
VALUES (53,'MULTIESTACION',156,114);
INSERT INTO MAQUINA (ID_MAQUINA,TIPO,PESO_INICIAL,ID_EMPLEADO)
VALUES (54,'MANCUERNA',179,109);
INSERT INTO MAQUINA (ID_MAQUINA,TIPO,PESO_INICIAL,ID_EMPLEADO)
VALUES (55,'MULTIFUNCIONAL',217,142);
INSERT INTO MAQUINA (ID_MAQUINA,TIPO,PESO_INICIAL,ID_EMPLEADO)
VALUES (56,'PRENSA',197,136);
INSERT INTO MAQUINA (ID_MAQUINA,TIPO,PESO_INICIAL,ID_EMPLEADO)
VALUES (57,'SENTADILLA',192,126);
INSERT INTO MAQUINA (ID_MAQUINA,TIPO,PESO_INICIAL,ID_EMPLEADO)
VALUES (58,'PRENSA',236,138);
INSERT INTO MAQUINA (ID_MAQUINA,TIPO,PESO_INICIAL,ID_EMPLEADO)
VALUES (59,'POLEA',205,147);
INSERT INTO MAQUINA (ID_MAQUINA,TIPO,PESO_INICIAL,ID_EMPLEADO)
VALUES (60,'POLEA',35,126);
INSERT INTO MAQUINA (ID_MAQUINA,TIPO,PESO_INICIAL,ID_EMPLEADO)
VALUES (61,'MULTIESTACION',194,140);
INSERT INTO MAQUINA (ID_MAQUINA,TIPO,PESO_INICIAL,ID_EMPLEADO)
VALUES (62,'MULTIFUNCIONAL',168,110);
INSERT INTO MAQUINA (ID_MAQUINA,TIPO,PESO_INICIAL,ID_EMPLEADO)
VALUES (63,'MANCUERNA',269,116);
INSERT INTO MAQUINA (ID_MAQUINA,TIPO,PESO_INICIAL,ID_EMPLEADO)
VALUES (64,'POLEA',289,109);
INSERT INTO MAQUINA (ID_MAQUINA,TIPO,PESO_INICIAL,ID_EMPLEADO)
VALUES (65,'POLEA',296,110);
INSERT INTO MAQUINA (ID_MAQUINA,TIPO,PESO_INICIAL,ID_EMPLEADO)
VALUES (66,'MULTIFUNCIONAL',257,130);
INSERT INTO MAQUINA (ID_MAQUINA,TIPO,PESO_INICIAL,ID_EMPLEADO)
VALUES (67,'MULTIESTACION',97,143);
INSERT INTO MAQUINA (ID_MAQUINA,TIPO,PESO_INICIAL,ID_EMPLEADO)
VALUES (68,'POLEA',168,111);
INSERT INTO MAQUINA (ID_MAQUINA,TIPO,PESO_INICIAL,ID_EMPLEADO)
VALUES (69,'MULTIESTACION',77,116);
INSERT INTO MAQUINA (ID_MAQUINA,TIPO,PESO_INICIAL,ID_EMPLEADO)
VALUES (70,'MULTIESTACION',84,109);
INSERT INTO MAQUINA (ID_MAQUINA,TIPO,PESO_INICIAL,ID_EMPLEADO)
VALUES (71,'MULTIESTACION',298,139);
INSERT INTO MAQUINA (ID_MAQUINA,TIPO,PESO_INICIAL,ID_EMPLEADO)
VALUES (72,'SENTADILLA',148,124);
INSERT INTO MAQUINA (ID_MAQUINA,TIPO,PESO_INICIAL,ID_EMPLEADO)
VALUES (73,'POLEA',43,132);
INSERT INTO MAQUINA (ID_MAQUINA,TIPO,PESO_INICIAL,ID_EMPLEADO)
VALUES (74,'PRENSA',140,144);
INSERT INTO MAQUINA (ID_MAQUINA,TIPO,PESO_INICIAL,ID_EMPLEADO)
VALUES (75,'MULTIESTACION',16,138);
INSERT INTO MAQUINA (ID_MAQUINA,TIPO,PESO_INICIAL,ID_EMPLEADO)
VALUES (76,'MULTIESTACION',299,122);
INSERT INTO MAQUINA (ID_MAQUINA,TIPO,PESO_INICIAL,ID_EMPLEADO)
VALUES (77,'PRENSA',64,130);
INSERT INTO MAQUINA (ID_MAQUINA,TIPO,PESO_INICIAL,ID_EMPLEADO)
VALUES (78,'POLEA',153,132);
INSERT INTO MAQUINA (ID_MAQUINA,TIPO,PESO_INICIAL,ID_EMPLEADO)
VALUES (79,'PRENSA',128,147);
INSERT INTO MAQUINA (ID_MAQUINA,TIPO,PESO_INICIAL,ID_EMPLEADO)
VALUES (80,'MULTIFUNCIONAL',180,106);
INSERT INTO MAQUINA (ID_MAQUINA,TIPO,PESO_INICIAL,ID_EMPLEADO)
VALUES (81,'POLEA',226,119);
INSERT INTO MAQUINA (ID_MAQUINA,TIPO,PESO_INICIAL,ID_EMPLEADO)
VALUES (82,'PRENSA',130,127);
INSERT INTO MAQUINA (ID_MAQUINA,TIPO,PESO_INICIAL,ID_EMPLEADO)
VALUES (83,'MANCUERNA',197,118);
INSERT INTO MAQUINA (ID_MAQUINA,TIPO,PESO_INICIAL,ID_EMPLEADO)
VALUES (84,'MULTIFUNCIONAL',227,118);
INSERT INTO MAQUINA (ID_MAQUINA,TIPO,PESO_INICIAL,ID_EMPLEADO)
VALUES (85,'MULTIESTACION',169,107);
INSERT INTO MAQUINA (ID_MAQUINA,TIPO,PESO_INICIAL,ID_EMPLEADO)
VALUES (86,'MANCUERNA',259,145);
INSERT INTO MAQUINA (ID_MAQUINA,TIPO,PESO_INICIAL,ID_EMPLEADO)
VALUES (87,'PRENSA',96,148);
INSERT INTO MAQUINA (ID_MAQUINA,TIPO,PESO_INICIAL,ID_EMPLEADO)
VALUES (88,'SENTADILLA',202,110);
INSERT INTO MAQUINA (ID_MAQUINA,TIPO,PESO_INICIAL,ID_EMPLEADO)
VALUES (89,'MULTIFUNCIONAL',226,133);
INSERT INTO MAQUINA (ID_MAQUINA,TIPO,PESO_INICIAL,ID_EMPLEADO)
VALUES (90,'MULTIESTACION',212,112);
INSERT INTO MAQUINA (ID_MAQUINA,TIPO,PESO_INICIAL,ID_EMPLEADO)
VALUES (91,'MULTIFUNCIONAL',131,143);
INSERT INTO MAQUINA (ID_MAQUINA,TIPO,PESO_INICIAL,ID_EMPLEADO)
VALUES (92,'POLEA',22,131);
INSERT INTO MAQUINA (ID_MAQUINA,TIPO,PESO_INICIAL,ID_EMPLEADO)
VALUES (93,'PRENSA',97,142);
INSERT INTO MAQUINA (ID_MAQUINA,TIPO,PESO_INICIAL,ID_EMPLEADO)
VALUES (94,'MULTIFUNCIONAL',29,114);
INSERT INTO MAQUINA (ID_MAQUINA,TIPO,PESO_INICIAL,ID_EMPLEADO)
VALUES (95,'SENTADILLA',246,133);
INSERT INTO MAQUINA (ID_MAQUINA,TIPO,PESO_INICIAL,ID_EMPLEADO)
VALUES (96,'MULTIESTACION',52,134);
INSERT INTO MAQUINA (ID_MAQUINA,TIPO,PESO_INICIAL,ID_EMPLEADO)
VALUES (97,'MANCUERNA',228,143);
INSERT INTO MAQUINA (ID_MAQUINA,TIPO,PESO_INICIAL,ID_EMPLEADO)
VALUES (98,'POLEA',155,141);
INSERT INTO MAQUINA (ID_MAQUINA,TIPO,PESO_INICIAL,ID_EMPLEADO)
VALUES (99,'MANCUERNA',250,140);
INSERT INTO MAQUINA (ID_MAQUINA,TIPO,PESO_INICIAL,ID_EMPLEADO)
VALUES (100,'PRENSA',245,119);
INSERT INTO MAQUINA (ID_MAQUINA,TIPO,PESO_INICIAL,ID_EMPLEADO)
VALUES (101,'MANCUERNA',18,110);
INSERT INTO MAQUINA (ID_MAQUINA,TIPO,PESO_INICIAL,ID_EMPLEADO)
VALUES (102,'PRENSA',56,115);
INSERT INTO MAQUINA (ID_MAQUINA,TIPO,PESO_INICIAL,ID_EMPLEADO)
VALUES (103,'POLEA',67,124);
INSERT INTO MAQUINA (ID_MAQUINA,TIPO,PESO_INICIAL,ID_EMPLEADO)
VALUES (104,'MANCUERNA',49,149);
INSERT INTO MAQUINA (ID_MAQUINA,TIPO,PESO_INICIAL,ID_EMPLEADO)
VALUES (105,'POLEA',292,146);
INSERT INTO MAQUINA (ID_MAQUINA,TIPO,PESO_INICIAL,ID_EMPLEADO)
VALUES (106,'MANCUERNA',273,115);
INSERT INTO MAQUINA (ID_MAQUINA,TIPO,PESO_INICIAL,ID_EMPLEADO)
VALUES (107,'MULTIESTACION',31,115);
INSERT INTO MAQUINA (ID_MAQUINA,TIPO,PESO_INICIAL,ID_EMPLEADO)
VALUES (108,'MANCUERNA',194,124);
INSERT INTO MAQUINA (ID_MAQUINA,TIPO,PESO_INICIAL,ID_EMPLEADO)
VALUES (109,'MULTIFUNCIONAL',151,123);
INSERT INTO MAQUINA (ID_MAQUINA,TIPO,PESO_INICIAL,ID_EMPLEADO)
VALUES (110,'PRENSA',195,121);
INSERT INTO MAQUINA (ID_MAQUINA,TIPO,PESO_INICIAL,ID_EMPLEADO)
VALUES (111,'MULTIESTACION',237,150);
INSERT INTO MAQUINA (ID_MAQUINA,TIPO,PESO_INICIAL,ID_EMPLEADO)
VALUES (112,'MULTIESTACION',191,130);
INSERT INTO MAQUINA (ID_MAQUINA,TIPO,PESO_INICIAL,ID_EMPLEADO)
VALUES (113,'PRENSA',199,128);
INSERT INTO MAQUINA (ID_MAQUINA,TIPO,PESO_INICIAL,ID_EMPLEADO)
VALUES (114,'SENTADILLA',274,108);
INSERT INTO MAQUINA (ID_MAQUINA,TIPO,PESO_INICIAL,ID_EMPLEADO)
VALUES (115,'POLEA',97,120);
INSERT INTO MAQUINA (ID_MAQUINA,TIPO,PESO_INICIAL,ID_EMPLEADO)
VALUES (116,'MULTIFUNCIONAL',72,141);
INSERT INTO MAQUINA (ID_MAQUINA,TIPO,PESO_INICIAL,ID_EMPLEADO)
VALUES (117,'MULTIFUNCIONAL',175,131);
INSERT INTO MAQUINA (ID_MAQUINA,TIPO,PESO_INICIAL,ID_EMPLEADO)
VALUES (118,'POLEA',136,130);
INSERT INTO MAQUINA (ID_MAQUINA,TIPO,PESO_INICIAL,ID_EMPLEADO)
VALUES (119,'MULTIESTACION',90,128);
INSERT INTO MAQUINA (ID_MAQUINA,TIPO,PESO_INICIAL,ID_EMPLEADO)
VALUES (120,'MULTIESTACION',83,136);
INSERT INTO MAQUINA (ID_MAQUINA,TIPO,PESO_INICIAL,ID_EMPLEADO)
VALUES (121,'MULTIESTACION',212,111);
INSERT INTO MAQUINA (ID_MAQUINA,TIPO,PESO_INICIAL,ID_EMPLEADO)
VALUES (122,'MULTIFUNCIONAL',197,126);
INSERT INTO MAQUINA (ID_MAQUINA,TIPO,PESO_INICIAL,ID_EMPLEADO)
VALUES (123,'PRENSA',102,124);
INSERT INTO MAQUINA (ID_MAQUINA,TIPO,PESO_INICIAL,ID_EMPLEADO)
VALUES (124,'MULTIESTACION',71,111);
INSERT INTO MAQUINA (ID_MAQUINA,TIPO,PESO_INICIAL,ID_EMPLEADO)
VALUES (125,'MANCUERNA',54,139);
INSERT INTO MAQUINA (ID_MAQUINA,TIPO,PESO_INICIAL,ID_EMPLEADO)
VALUES (126,'MULTIFUNCIONAL',39,118);
INSERT INTO MAQUINA (ID_MAQUINA,TIPO,PESO_INICIAL,ID_EMPLEADO)
VALUES (127,'MANCUERNA',26,130);
INSERT INTO MAQUINA (ID_MAQUINA,TIPO,PESO_INICIAL,ID_EMPLEADO)
VALUES (128,'MULTIFUNCIONAL',189,144);
INSERT INTO MAQUINA (ID_MAQUINA,TIPO,PESO_INICIAL,ID_EMPLEADO)
VALUES (129,'MULTIFUNCIONAL',75,126);
INSERT INTO MAQUINA (ID_MAQUINA,TIPO,PESO_INICIAL,ID_EMPLEADO)
VALUES (130,'MANCUERNA',294,120);
INSERT INTO MAQUINA (ID_MAQUINA,TIPO,PESO_INICIAL,ID_EMPLEADO)
VALUES (131,'MULTIESTACION',112,149);
INSERT INTO MAQUINA (ID_MAQUINA,TIPO,PESO_INICIAL,ID_EMPLEADO)
VALUES (132,'MULTIESTACION',58,113);
INSERT INTO MAQUINA (ID_MAQUINA,TIPO,PESO_INICIAL,ID_EMPLEADO)
VALUES (133,'MULTIFUNCIONAL',115,149);
INSERT INTO MAQUINA (ID_MAQUINA,TIPO,PESO_INICIAL,ID_EMPLEADO)
VALUES (134,'MULTIESTACION',135,134);
INSERT INTO MAQUINA (ID_MAQUINA,TIPO,PESO_INICIAL,ID_EMPLEADO)
VALUES (135,'PRENSA',192,132);
INSERT INTO MAQUINA (ID_MAQUINA,TIPO,PESO_INICIAL,ID_EMPLEADO)
VALUES (136,'PRENSA',94,118);
INSERT INTO MAQUINA (ID_MAQUINA,TIPO,PESO_INICIAL,ID_EMPLEADO)
VALUES (137,'MULTIESTACION',52,136);
INSERT INTO MAQUINA (ID_MAQUINA,TIPO,PESO_INICIAL,ID_EMPLEADO)
VALUES (138,'PRENSA',163,132);
INSERT INTO MAQUINA (ID_MAQUINA,TIPO,PESO_INICIAL,ID_EMPLEADO)
VALUES (139,'MULTIFUNCIONAL',258,128);
INSERT INTO MAQUINA (ID_MAQUINA,TIPO,PESO_INICIAL,ID_EMPLEADO)
VALUES (140,'POLEA',182,120);
INSERT INTO MAQUINA (ID_MAQUINA,TIPO,PESO_INICIAL,ID_EMPLEADO)
VALUES (141,'MULTIFUNCIONAL',151,144);
INSERT INTO MAQUINA (ID_MAQUINA,TIPO,PESO_INICIAL,ID_EMPLEADO)
VALUES (142,'SENTADILLA',99,121);
INSERT INTO MAQUINA (ID_MAQUINA,TIPO,PESO_INICIAL,ID_EMPLEADO)
VALUES (143,'MULTIESTACION',141,114);
INSERT INTO MAQUINA (ID_MAQUINA,TIPO,PESO_INICIAL,ID_EMPLEADO)
VALUES (144,'SENTADILLA',29,135);
INSERT INTO MAQUINA (ID_MAQUINA,TIPO,PESO_INICIAL,ID_EMPLEADO)
VALUES (145,'MULTIESTACION',6,149);
INSERT INTO MAQUINA (ID_MAQUINA,TIPO,PESO_INICIAL,ID_EMPLEADO)
VALUES (146,'SENTADILLA',126,143);
INSERT INTO MAQUINA (ID_MAQUINA,TIPO,PESO_INICIAL,ID_EMPLEADO)
VALUES (147,'MULTIESTACION',279,114);
INSERT INTO MAQUINA (ID_MAQUINA,TIPO,PESO_INICIAL,ID_EMPLEADO)
VALUES (148,'PRENSA',53,110);
INSERT INTO MAQUINA (ID_MAQUINA,TIPO,PESO_INICIAL,ID_EMPLEADO)
VALUES (149,'SENTADILLA',119,109);
INSERT INTO MAQUINA (ID_MAQUINA,TIPO,PESO_INICIAL,ID_EMPLEADO)
VALUES (150,'MANCUERNA',228,109);
INSERT INTO MAQUINA (ID_MAQUINA,TIPO,PESO_INICIAL,ID_EMPLEADO)
VALUES (151,'MULTIESTACION',135,121);
INSERT INTO MAQUINA (ID_MAQUINA,TIPO,PESO_INICIAL,ID_EMPLEADO)
VALUES (152,'PRENSA',291,121);
INSERT INTO MAQUINA (ID_MAQUINA,TIPO,PESO_INICIAL,ID_EMPLEADO)
VALUES (153,'PRENSA',68,122);
INSERT INTO MAQUINA (ID_MAQUINA,TIPO,PESO_INICIAL,ID_EMPLEADO)
VALUES (154,'MULTIFUNCIONAL',169,125);
INSERT INTO MAQUINA (ID_MAQUINA,TIPO,PESO_INICIAL,ID_EMPLEADO)
VALUES (155,'POLEA',24,149);
INSERT INTO MAQUINA (ID_MAQUINA,TIPO,PESO_INICIAL,ID_EMPLEADO)
VALUES (156,'MULTIFUNCIONAL',225,130);
INSERT INTO MAQUINA (ID_MAQUINA,TIPO,PESO_INICIAL,ID_EMPLEADO)
VALUES (157,'MULTIESTACION',32,123);
INSERT INTO MAQUINA (ID_MAQUINA,TIPO,PESO_INICIAL,ID_EMPLEADO)
VALUES (158,'POLEA',89,119);
INSERT INTO MAQUINA (ID_MAQUINA,TIPO,PESO_INICIAL,ID_EMPLEADO)
VALUES (159,'MULTIESTACION',17,145);
INSERT INTO MAQUINA (ID_MAQUINA,TIPO,PESO_INICIAL,ID_EMPLEADO)
VALUES (160,'MULTIFUNCIONAL',52,150);
INSERT INTO MAQUINA (ID_MAQUINA,TIPO,PESO_INICIAL,ID_EMPLEADO)
VALUES (161,'PRENSA',39,123);
INSERT INTO MAQUINA (ID_MAQUINA,TIPO,PESO_INICIAL,ID_EMPLEADO)
VALUES (162,'MULTIESTACION',288,120);
INSERT INTO MAQUINA (ID_MAQUINA,TIPO,PESO_INICIAL,ID_EMPLEADO)
VALUES (163,'MANCUERNA',65,136);
INSERT INTO MAQUINA (ID_MAQUINA,TIPO,PESO_INICIAL,ID_EMPLEADO)
VALUES (164,'MULTIESTACION',92,121);
INSERT INTO MAQUINA (ID_MAQUINA,TIPO,PESO_INICIAL,ID_EMPLEADO)
VALUES (165,'POLEA',199,124);
INSERT INTO MAQUINA (ID_MAQUINA,TIPO,PESO_INICIAL,ID_EMPLEADO)
VALUES (166,'MANCUERNA',286,119);
INSERT INTO MAQUINA (ID_MAQUINA,TIPO,PESO_INICIAL,ID_EMPLEADO)
VALUES (167,'SENTADILLA',208,136);
INSERT INTO MAQUINA (ID_MAQUINA,TIPO,PESO_INICIAL,ID_EMPLEADO)
VALUES (168,'MANCUERNA',293,121);
INSERT INTO MAQUINA (ID_MAQUINA,TIPO,PESO_INICIAL,ID_EMPLEADO)
VALUES (169,'POLEA',234,129);
INSERT INTO MAQUINA (ID_MAQUINA,TIPO,PESO_INICIAL,ID_EMPLEADO)
VALUES (170,'POLEA',164,128);
INSERT INTO MAQUINA (ID_MAQUINA,TIPO,PESO_INICIAL,ID_EMPLEADO)
VALUES (171,'PRENSA',280,135);
INSERT INTO MAQUINA (ID_MAQUINA,TIPO,PESO_INICIAL,ID_EMPLEADO)
VALUES (172,'PRENSA',197,117);
INSERT INTO MAQUINA (ID_MAQUINA,TIPO,PESO_INICIAL,ID_EMPLEADO)
VALUES (173,'MULTIESTACION',99,127);
INSERT INTO MAQUINA (ID_MAQUINA,TIPO,PESO_INICIAL,ID_EMPLEADO)
VALUES (174,'PRENSA',288,133);
INSERT INTO MAQUINA (ID_MAQUINA,TIPO,PESO_INICIAL,ID_EMPLEADO)
VALUES (175,'POLEA',279,143);

--USUARIO_CONTRATA_SERVICIO
INSERT INTO USUARIO_CONTRATA_SERVICIO (ID_USUARIO,ID_SERVICIO)
VALUES (123,1);
INSERT INTO USUARIO_CONTRATA_SERVICIO (ID_USUARIO,ID_SERVICIO)
VALUES (103,2);
INSERT INTO USUARIO_CONTRATA_SERVICIO (ID_USUARIO,ID_SERVICIO)
VALUES (80,3);
INSERT INTO USUARIO_CONTRATA_SERVICIO (ID_USUARIO,ID_SERVICIO)
VALUES (61,4);
INSERT INTO USUARIO_CONTRATA_SERVICIO (ID_USUARIO,ID_SERVICIO)
VALUES (115,5);
INSERT INTO USUARIO_CONTRATA_SERVICIO (ID_USUARIO,ID_SERVICIO)
VALUES (2,6);
INSERT INTO USUARIO_CONTRATA_SERVICIO (ID_USUARIO,ID_SERVICIO)
VALUES (20,7);
INSERT INTO USUARIO_CONTRATA_SERVICIO (ID_USUARIO,ID_SERVICIO)
VALUES (36,8);
INSERT INTO USUARIO_CONTRATA_SERVICIO (ID_USUARIO,ID_SERVICIO)
VALUES (88,9);
INSERT INTO USUARIO_CONTRATA_SERVICIO (ID_USUARIO,ID_SERVICIO)
VALUES (172,10);
INSERT INTO USUARIO_CONTRATA_SERVICIO (ID_USUARIO,ID_SERVICIO)
VALUES (192,11);
INSERT INTO USUARIO_CONTRATA_SERVICIO (ID_USUARIO,ID_SERVICIO)
VALUES (138,12);
INSERT INTO USUARIO_CONTRATA_SERVICIO (ID_USUARIO,ID_SERVICIO)
VALUES (73,13);
INSERT INTO USUARIO_CONTRATA_SERVICIO (ID_USUARIO,ID_SERVICIO)
VALUES (127,14);
INSERT INTO USUARIO_CONTRATA_SERVICIO (ID_USUARIO,ID_SERVICIO)
VALUES (111,15);
INSERT INTO USUARIO_CONTRATA_SERVICIO (ID_USUARIO,ID_SERVICIO)
VALUES (141,16);
INSERT INTO USUARIO_CONTRATA_SERVICIO (ID_USUARIO,ID_SERVICIO)
VALUES (96,17);
INSERT INTO USUARIO_CONTRATA_SERVICIO (ID_USUARIO,ID_SERVICIO)
VALUES (149,18);
INSERT INTO USUARIO_CONTRATA_SERVICIO (ID_USUARIO,ID_SERVICIO)
VALUES (106,19);
INSERT INTO USUARIO_CONTRATA_SERVICIO (ID_USUARIO,ID_SERVICIO)
VALUES (18,20);
INSERT INTO USUARIO_CONTRATA_SERVICIO (ID_USUARIO,ID_SERVICIO)
VALUES (22,21);
INSERT INTO USUARIO_CONTRATA_SERVICIO (ID_USUARIO,ID_SERVICIO)
VALUES (42,22);
INSERT INTO USUARIO_CONTRATA_SERVICIO (ID_USUARIO,ID_SERVICIO)
VALUES (30,23);
INSERT INTO USUARIO_CONTRATA_SERVICIO (ID_USUARIO,ID_SERVICIO)
VALUES (162,24);
INSERT INTO USUARIO_CONTRATA_SERVICIO (ID_USUARIO,ID_SERVICIO)
VALUES (103,25);
INSERT INTO USUARIO_CONTRATA_SERVICIO (ID_USUARIO,ID_SERVICIO)
VALUES (181,26);
INSERT INTO USUARIO_CONTRATA_SERVICIO (ID_USUARIO,ID_SERVICIO)
VALUES (231,27);
INSERT INTO USUARIO_CONTRATA_SERVICIO (ID_USUARIO,ID_SERVICIO)
VALUES (147,28);
INSERT INTO USUARIO_CONTRATA_SERVICIO (ID_USUARIO,ID_SERVICIO)
VALUES (165,29);
INSERT INTO USUARIO_CONTRATA_SERVICIO (ID_USUARIO,ID_SERVICIO)
VALUES (93,30);
INSERT INTO USUARIO_CONTRATA_SERVICIO (ID_USUARIO,ID_SERVICIO)
VALUES (185,31);
INSERT INTO USUARIO_CONTRATA_SERVICIO (ID_USUARIO,ID_SERVICIO)
VALUES (55,32);
INSERT INTO USUARIO_CONTRATA_SERVICIO (ID_USUARIO,ID_SERVICIO)
VALUES (46,33);
INSERT INTO USUARIO_CONTRATA_SERVICIO (ID_USUARIO,ID_SERVICIO)
VALUES (181,34);
INSERT INTO USUARIO_CONTRATA_SERVICIO (ID_USUARIO,ID_SERVICIO)
VALUES (116,35);
INSERT INTO USUARIO_CONTRATA_SERVICIO (ID_USUARIO,ID_SERVICIO)
VALUES (31,36);
INSERT INTO USUARIO_CONTRATA_SERVICIO (ID_USUARIO,ID_SERVICIO)
VALUES (137,37);
INSERT INTO USUARIO_CONTRATA_SERVICIO (ID_USUARIO,ID_SERVICIO)
VALUES (138,38);
INSERT INTO USUARIO_CONTRATA_SERVICIO (ID_USUARIO,ID_SERVICIO)
VALUES (53,39);
INSERT INTO USUARIO_CONTRATA_SERVICIO (ID_USUARIO,ID_SERVICIO)
VALUES (246,40);
INSERT INTO USUARIO_CONTRATA_SERVICIO (ID_USUARIO,ID_SERVICIO)
VALUES (177,41);
INSERT INTO USUARIO_CONTRATA_SERVICIO (ID_USUARIO,ID_SERVICIO)
VALUES (175,42);
INSERT INTO USUARIO_CONTRATA_SERVICIO (ID_USUARIO,ID_SERVICIO)
VALUES (48,43);
INSERT INTO USUARIO_CONTRATA_SERVICIO (ID_USUARIO,ID_SERVICIO)
VALUES (2,44);
INSERT INTO USUARIO_CONTRATA_SERVICIO (ID_USUARIO,ID_SERVICIO)
VALUES (1,45);
INSERT INTO USUARIO_CONTRATA_SERVICIO (ID_USUARIO,ID_SERVICIO)
VALUES (231,46);
INSERT INTO USUARIO_CONTRATA_SERVICIO (ID_USUARIO,ID_SERVICIO)
VALUES (173,47);
INSERT INTO USUARIO_CONTRATA_SERVICIO (ID_USUARIO,ID_SERVICIO)
VALUES (162,48);
INSERT INTO USUARIO_CONTRATA_SERVICIO (ID_USUARIO,ID_SERVICIO)
VALUES (141,49);
INSERT INTO USUARIO_CONTRATA_SERVICIO (ID_USUARIO,ID_SERVICIO)
VALUES (41,50);
INSERT INTO USUARIO_CONTRATA_SERVICIO (ID_USUARIO,ID_SERVICIO)
VALUES (163,51);
INSERT INTO USUARIO_CONTRATA_SERVICIO (ID_USUARIO,ID_SERVICIO)
VALUES (96,52);
INSERT INTO USUARIO_CONTRATA_SERVICIO (ID_USUARIO,ID_SERVICIO)
VALUES (246,53);
INSERT INTO USUARIO_CONTRATA_SERVICIO (ID_USUARIO,ID_SERVICIO)
VALUES (161,54);
INSERT INTO USUARIO_CONTRATA_SERVICIO (ID_USUARIO,ID_SERVICIO)
VALUES (63,55);
INSERT INTO USUARIO_CONTRATA_SERVICIO (ID_USUARIO,ID_SERVICIO)
VALUES (15,56);
INSERT INTO USUARIO_CONTRATA_SERVICIO (ID_USUARIO,ID_SERVICIO)
VALUES (44,57);
INSERT INTO USUARIO_CONTRATA_SERVICIO (ID_USUARIO,ID_SERVICIO)
VALUES (128,58);
INSERT INTO USUARIO_CONTRATA_SERVICIO (ID_USUARIO,ID_SERVICIO)
VALUES (170,59);
INSERT INTO USUARIO_CONTRATA_SERVICIO (ID_USUARIO,ID_SERVICIO)
VALUES (231,60);
INSERT INTO USUARIO_CONTRATA_SERVICIO (ID_USUARIO,ID_SERVICIO)
VALUES (124,61);
INSERT INTO USUARIO_CONTRATA_SERVICIO (ID_USUARIO,ID_SERVICIO)
VALUES (153,62);
INSERT INTO USUARIO_CONTRATA_SERVICIO (ID_USUARIO,ID_SERVICIO)
VALUES (238,63);
INSERT INTO USUARIO_CONTRATA_SERVICIO (ID_USUARIO,ID_SERVICIO)
VALUES (76,64);
INSERT INTO USUARIO_CONTRATA_SERVICIO (ID_USUARIO,ID_SERVICIO)
VALUES (210,65);
INSERT INTO USUARIO_CONTRATA_SERVICIO (ID_USUARIO,ID_SERVICIO)
VALUES (139,66);
INSERT INTO USUARIO_CONTRATA_SERVICIO (ID_USUARIO,ID_SERVICIO)
VALUES (100,67);
INSERT INTO USUARIO_CONTRATA_SERVICIO (ID_USUARIO,ID_SERVICIO)
VALUES (54,68);
INSERT INTO USUARIO_CONTRATA_SERVICIO (ID_USUARIO,ID_SERVICIO)
VALUES (63,69);
INSERT INTO USUARIO_CONTRATA_SERVICIO (ID_USUARIO,ID_SERVICIO)
VALUES (113,70);
INSERT INTO USUARIO_CONTRATA_SERVICIO (ID_USUARIO,ID_SERVICIO)
VALUES (214,71);
INSERT INTO USUARIO_CONTRATA_SERVICIO (ID_USUARIO,ID_SERVICIO)
VALUES (40,72);
INSERT INTO USUARIO_CONTRATA_SERVICIO (ID_USUARIO,ID_SERVICIO)
VALUES (20,73);
INSERT INTO USUARIO_CONTRATA_SERVICIO (ID_USUARIO,ID_SERVICIO)
VALUES (177,74);
INSERT INTO USUARIO_CONTRATA_SERVICIO (ID_USUARIO,ID_SERVICIO)
VALUES (38,75);
INSERT INTO USUARIO_CONTRATA_SERVICIO (ID_USUARIO,ID_SERVICIO)
VALUES (43,76);
INSERT INTO USUARIO_CONTRATA_SERVICIO (ID_USUARIO,ID_SERVICIO)
VALUES (18,77);
INSERT INTO USUARIO_CONTRATA_SERVICIO (ID_USUARIO,ID_SERVICIO)
VALUES (16,78);
INSERT INTO USUARIO_CONTRATA_SERVICIO (ID_USUARIO,ID_SERVICIO)
VALUES (212,79);
INSERT INTO USUARIO_CONTRATA_SERVICIO (ID_USUARIO,ID_SERVICIO)
VALUES (22,80);
INSERT INTO USUARIO_CONTRATA_SERVICIO (ID_USUARIO,ID_SERVICIO)
VALUES (32,81);
INSERT INTO USUARIO_CONTRATA_SERVICIO (ID_USUARIO,ID_SERVICIO)
VALUES (64,82);
INSERT INTO USUARIO_CONTRATA_SERVICIO (ID_USUARIO,ID_SERVICIO)
VALUES (203,83);
INSERT INTO USUARIO_CONTRATA_SERVICIO (ID_USUARIO,ID_SERVICIO)
VALUES (35,84);
INSERT INTO USUARIO_CONTRATA_SERVICIO (ID_USUARIO,ID_SERVICIO)
VALUES (46,85);
INSERT INTO USUARIO_CONTRATA_SERVICIO (ID_USUARIO,ID_SERVICIO)
VALUES (95,86);
INSERT INTO USUARIO_CONTRATA_SERVICIO (ID_USUARIO,ID_SERVICIO)
VALUES (109,87);
INSERT INTO USUARIO_CONTRATA_SERVICIO (ID_USUARIO,ID_SERVICIO)
VALUES (1,88);
INSERT INTO USUARIO_CONTRATA_SERVICIO (ID_USUARIO,ID_SERVICIO)
VALUES (134,89);
INSERT INTO USUARIO_CONTRATA_SERVICIO (ID_USUARIO,ID_SERVICIO)
VALUES (190,90);
INSERT INTO USUARIO_CONTRATA_SERVICIO (ID_USUARIO,ID_SERVICIO)
VALUES (24,91);
INSERT INTO USUARIO_CONTRATA_SERVICIO (ID_USUARIO,ID_SERVICIO)
VALUES (31,92);
INSERT INTO USUARIO_CONTRATA_SERVICIO (ID_USUARIO,ID_SERVICIO)
VALUES (127,93);
INSERT INTO USUARIO_CONTRATA_SERVICIO (ID_USUARIO,ID_SERVICIO)
VALUES (20,94);
INSERT INTO USUARIO_CONTRATA_SERVICIO (ID_USUARIO,ID_SERVICIO)
VALUES (190,95);
INSERT INTO USUARIO_CONTRATA_SERVICIO (ID_USUARIO,ID_SERVICIO)
VALUES (163,96);
INSERT INTO USUARIO_CONTRATA_SERVICIO (ID_USUARIO,ID_SERVICIO)
VALUES (112,97);
INSERT INTO USUARIO_CONTRATA_SERVICIO (ID_USUARIO,ID_SERVICIO)
VALUES (72,98);
INSERT INTO USUARIO_CONTRATA_SERVICIO (ID_USUARIO,ID_SERVICIO)
VALUES (237,99);
INSERT INTO USUARIO_CONTRATA_SERVICIO (ID_USUARIO,ID_SERVICIO)
VALUES (105,100);




COMMIT;